--------------------------------------------------------
--  File created - Thursday-January-21-2021   
--------------------------------------------------------
--------------------------------------------------------
--  DDL for Type PROCENAT
--------------------------------------------------------

  CREATE OR REPLACE NONEDITIONABLE TYPE "MARIJA"."PROCENAT" AS OBJECT (PROC NUMBER,
MEMBER FUNCTION GET_PROC RETURN NUMBER)
INSTANTIABLE NOT FINAL;
/
CREATE OR REPLACE NONEDITIONABLE TYPE BODY "MARIJA"."PROCENAT" AS
MEMBER FUNCTION GET_PROC RETURN NUMBER IS
BEGIN
RETURN SELF.PROC;
END;
END;

/
--------------------------------------------------------
--  DDL for Type ULICA_BROJ
--------------------------------------------------------

  CREATE OR REPLACE NONEDITIONABLE TYPE "MARIJA"."ULICA_BROJ" AS OBJECT
( 
broj number,
dodatakbroju VARCHAR2(10),
MEMBER FUNCTION get_broj RETURN number,
MEMBER FUNCTION get_dodatakbroju RETURN varchar2,
MEMBER FUNCTION to_string RETURN varchar2
)
INSTANTIABLE NOT FINAL;
/
CREATE OR REPLACE NONEDITIONABLE TYPE BODY "MARIJA"."ULICA_BROJ" AS
MEMBER FUNCTION get_broj RETURN number IS
BEGIN
RETURN SELF.broj;
END;
MEMBER FUNCTION get_dodatakbroju RETURN varchar2 IS
BEGIN
RETURN SELF.dodatakbroju;
END;
MEMBER FUNCTION to_string RETURN varchar2 IS
BEGIN
RETURN SELF.BROJ || ' ' ||  SELF.dodatakbroju;
END;
END;

/
--------------------------------------------------------
--  DDL for Sequence MESTO_SEQUENCE
--------------------------------------------------------

   CREATE SEQUENCE  "MARIJA"."MESTO_SEQUENCE"  MINVALUE 1 MAXVALUE 100000 INCREMENT BY 1 START WITH 41 CACHE 20 NOORDER  NOCYCLE  NOKEEP  NOSCALE  GLOBAL ;
--------------------------------------------------------
--  DDL for Table ADRESA
--------------------------------------------------------

  CREATE TABLE "MARIJA"."ADRESA" SHARING=METADATA 
   (	"MESTOID" NUMBER, 
	"ULICAID" NUMBER, 
	"ADRESAID" NUMBER, 
	"BROJ" "MARIJA"."ULICA_BROJ" 
   ) SEGMENT CREATION IMMEDIATE 
  PCTFREE 10 PCTUSED 40 INITRANS 1 MAXTRANS 255 
 NOCOMPRESS LOGGING
  STORAGE(INITIAL 65536 NEXT 1048576 MINEXTENTS 1 MAXEXTENTS 2147483645
  PCTINCREASE 0 FREELISTS 1 FREELIST GROUPS 1
  BUFFER_POOL DEFAULT FLASH_CACHE DEFAULT CELL_FLASH_CACHE DEFAULT)
  TABLESPACE "USERS" ;
--------------------------------------------------------
--  DDL for Table ARTIKAL
--------------------------------------------------------

  CREATE TABLE "MARIJA"."ARTIKAL" 
   (	"ARTIKALID" NUMBER, 
	"NAZIVARTIKLA" VARCHAR2(50 BYTE), 
	"OPISARTIKLA" VARCHAR2(100 BYTE), 
	"AKTUELNACENA" NUMBER(*,0)
   ) SEGMENT CREATION IMMEDIATE 
  PCTFREE 10 PCTUSED 40 INITRANS 1 MAXTRANS 255 
 NOCOMPRESS LOGGING
  STORAGE(INITIAL 65536 NEXT 1048576 MINEXTENTS 1 MAXEXTENTS 2147483645
  PCTINCREASE 0 FREELISTS 1 FREELIST GROUPS 1
  BUFFER_POOL DEFAULT FLASH_CACHE DEFAULT CELL_FLASH_CACHE DEFAULT)
  TABLESPACE "USERS" ;
--------------------------------------------------------
--  DDL for Table CENA
--------------------------------------------------------

  CREATE TABLE "MARIJA"."CENA" 
   (	"ARTIKALID" NUMBER, 
	"DATUMOD" DATE, 
	"IZNOS" NUMBER(*,0), 
	"VALUTAID" NUMBER
   ) SEGMENT CREATION IMMEDIATE 
  PCTFREE 10 PCTUSED 40 INITRANS 1 MAXTRANS 255 
 NOCOMPRESS  LOGGING 
  STORAGE(INITIAL 65536 NEXT 1048576 MINEXTENTS 1 MAXEXTENTS 2147483645
  PCTINCREASE 0
  BUFFER_POOL DEFAULT FLASH_CACHE DEFAULT CELL_FLASH_CACHE DEFAULT)
  TABLESPACE "USERS" 
  PARTITION BY RANGE ("IZNOS") 
 (PARTITION "NIZI_IZNOS"  VALUES LESS THAN (15000) SEGMENT CREATION IMMEDIATE 
  PCTFREE 10 PCTUSED 40 INITRANS 1 MAXTRANS 255 
 NOCOMPRESS LOGGING 
  STORAGE(INITIAL 65536 NEXT 1048576 MINEXTENTS 1 MAXEXTENTS 2147483645
  PCTINCREASE 0 FREELISTS 1 FREELIST GROUPS 1
  BUFFER_POOL DEFAULT FLASH_CACHE DEFAULT CELL_FLASH_CACHE DEFAULT)
  TABLESPACE "USERS" , 
 PARTITION "SREDNJI_IZNOS"  VALUES LESS THAN (30000) SEGMENT CREATION IMMEDIATE 
  PCTFREE 10 PCTUSED 40 INITRANS 1 MAXTRANS 255 
 NOCOMPRESS LOGGING 
  STORAGE(INITIAL 65536 NEXT 1048576 MINEXTENTS 1 MAXEXTENTS 2147483645
  PCTINCREASE 0 FREELISTS 1 FREELIST GROUPS 1
  BUFFER_POOL DEFAULT FLASH_CACHE DEFAULT CELL_FLASH_CACHE DEFAULT)
  TABLESPACE "USERS" , 
 PARTITION "VISI_IZNOS"  VALUES LESS THAN (MAXVALUE) SEGMENT CREATION IMMEDIATE 
  PCTFREE 10 PCTUSED 40 INITRANS 1 MAXTRANS 255 
 NOCOMPRESS LOGGING 
  STORAGE(INITIAL 65536 NEXT 1048576 MINEXTENTS 1 MAXEXTENTS 2147483645
  PCTINCREASE 0 FREELISTS 1 FREELIST GROUPS 1
  BUFFER_POOL DEFAULT FLASH_CACHE DEFAULT CELL_FLASH_CACHE DEFAULT)
  TABLESPACE "USERS" ) ;
--------------------------------------------------------
--  DDL for Table DATUM
--------------------------------------------------------

  CREATE TABLE "MARIJA"."DATUM" 
   (	"DATUMID" NUMBER, 
	"GODINA" NUMBER, 
	"MESEC" NUMBER, 
	"DAN" NUMBER
   ) SEGMENT CREATION IMMEDIATE 
  PCTFREE 10 PCTUSED 40 INITRANS 1 MAXTRANS 255 
 NOCOMPRESS LOGGING
  STORAGE(INITIAL 65536 NEXT 1048576 MINEXTENTS 1 MAXEXTENTS 2147483645
  PCTINCREASE 0 FREELISTS 1 FREELIST GROUPS 1
  BUFFER_POOL DEFAULT FLASH_CACHE DEFAULT CELL_FLASH_CACHE DEFAULT)
  TABLESPACE "USERS" ;
--------------------------------------------------------
--  DDL for Table DELATNOST
--------------------------------------------------------

  CREATE TABLE "MARIJA"."DELATNOST" SHARING=METADATA 
   (	"DELATNOSTID" NUMBER, 
	"NAZIVDEL" VARCHAR2(50 BYTE)
   ) SEGMENT CREATION IMMEDIATE 
  PCTFREE 10 PCTUSED 40 INITRANS 1 MAXTRANS 255 
 NOCOMPRESS LOGGING
  STORAGE(INITIAL 65536 NEXT 1048576 MINEXTENTS 1 MAXEXTENTS 2147483645
  PCTINCREASE 0 FREELISTS 1 FREELIST GROUPS 1
  BUFFER_POOL DEFAULT FLASH_CACHE DEFAULT CELL_FLASH_CACHE DEFAULT)
  TABLESPACE "USERS" ;
--------------------------------------------------------
--  DDL for Table DOBAVLJAC
--------------------------------------------------------

  CREATE TABLE "MARIJA"."DOBAVLJAC" 
   (	"DOBID" NUMBER, 
	"NAZIVDOB" VARCHAR2(50 BYTE), 
	"PIB" VARCHAR2(20 BYTE), 
	"TELEFON" VARCHAR2(20 BYTE), 
	"FAX" VARCHAR2(20 BYTE), 
	"MAIL" VARCHAR2(20 BYTE), 
	"TEKUCIRACUNID" NUMBER, 
	"DELATNOSTID" NUMBER, 
	"MESTOID" NUMBER, 
	"ULICAID" NUMBER, 
	"ADRESAID" NUMBER, 
	"BROJRACUNA" VARCHAR2(50 BYTE)
   ) SEGMENT CREATION IMMEDIATE 
  PCTFREE 10 PCTUSED 40 INITRANS 1 MAXTRANS 255 
 NOCOMPRESS LOGGING
  STORAGE(INITIAL 65536 NEXT 1048576 MINEXTENTS 1 MAXEXTENTS 2147483645
  PCTINCREASE 0 FREELISTS 1 FREELIST GROUPS 1
  BUFFER_POOL DEFAULT FLASH_CACHE DEFAULT CELL_FLASH_CACHE DEFAULT)
  TABLESPACE "USERS" ;
--------------------------------------------------------
--  DDL for Table FAKTURA
--------------------------------------------------------

  CREATE TABLE "MARIJA"."FAKTURA" 
   (	"BROJFAKTURE" NUMBER, 
	"OSNOVICA" NUMBER(*,0), 
	"IZNOSPDV" NUMBER(*,0), 
	"UKUPANIZNOS" NUMBER(*,0), 
	"BROJOTPREMNICE" NUMBER, 
	"MESTOID" NUMBER, 
	"SIFRAKUPCA" NUMBER, 
	"DOBID" NUMBER, 
	"DATUMFAKTURE" NUMBER, 
	"DATUMPROMETA" NUMBER, 
	"STOPAPDV" "MARIJA"."PROCENAT" 
   ) SEGMENT CREATION IMMEDIATE 
  PCTFREE 10 PCTUSED 40 INITRANS 1 MAXTRANS 255 
 NOCOMPRESS LOGGING
  STORAGE(INITIAL 65536 NEXT 1048576 MINEXTENTS 1 MAXEXTENTS 2147483645
  PCTINCREASE 0 FREELISTS 1 FREELIST GROUPS 1
  BUFFER_POOL DEFAULT FLASH_CACHE DEFAULT CELL_FLASH_CACHE DEFAULT)
  TABLESPACE "USERS" ;
--------------------------------------------------------
--  DDL for Table JEDINICAMERE
--------------------------------------------------------

  CREATE TABLE "MARIJA"."JEDINICAMERE" 
   (	"JMID" NUMBER, 
	"NAZIVJM" VARCHAR2(20 BYTE)
   ) SEGMENT CREATION IMMEDIATE 
  PCTFREE 10 PCTUSED 40 INITRANS 1 MAXTRANS 255 
 NOCOMPRESS LOGGING
  STORAGE(INITIAL 65536 NEXT 1048576 MINEXTENTS 1 MAXEXTENTS 2147483645
  PCTINCREASE 0 FREELISTS 1 FREELIST GROUPS 1
  BUFFER_POOL DEFAULT FLASH_CACHE DEFAULT CELL_FLASH_CACHE DEFAULT)
  TABLESPACE "USERS" ;
--------------------------------------------------------
--  DDL for Table KATALOG
--------------------------------------------------------

  CREATE TABLE "MARIJA"."KATALOG" 
   (	"DOBID" NUMBER, 
	"KATALOGID" NUMBER, 
	"BROJSTRANICA" NUMBER
   ) SEGMENT CREATION IMMEDIATE 
  PCTFREE 10 PCTUSED 40 INITRANS 1 MAXTRANS 255 
 NOCOMPRESS LOGGING
  STORAGE(INITIAL 65536 NEXT 1048576 MINEXTENTS 1 MAXEXTENTS 2147483645
  PCTINCREASE 0 FREELISTS 1 FREELIST GROUPS 1
  BUFFER_POOL DEFAULT FLASH_CACHE DEFAULT CELL_FLASH_CACHE DEFAULT)
  TABLESPACE "USERS" ;
--------------------------------------------------------
--  DDL for Table KUPAC
--------------------------------------------------------

  CREATE TABLE "MARIJA"."KUPAC" 
   (	"SIFRAKUPCA" NUMBER, 
	"NAZIVKUPCA" VARCHAR2(50 BYTE), 
	"MESTOID" NUMBER, 
	"ULICAID" NUMBER, 
	"ADRESAID" NUMBER
   ) SEGMENT CREATION IMMEDIATE 
  PCTFREE 10 PCTUSED 40 INITRANS 1 MAXTRANS 255 
 NOCOMPRESS LOGGING
  STORAGE(INITIAL 65536 NEXT 1048576 MINEXTENTS 1 MAXEXTENTS 2147483645
  PCTINCREASE 0 FREELISTS 1 FREELIST GROUPS 1
  BUFFER_POOL DEFAULT FLASH_CACHE DEFAULT CELL_FLASH_CACHE DEFAULT)
  TABLESPACE "USERS" ;
--------------------------------------------------------
--  DDL for Table KUPAC_DETALJI
--------------------------------------------------------

  CREATE TABLE "MARIJA"."KUPAC_DETALJI" 
   (	"SIFRAKUPCA" NUMBER, 
	"PIB" VARCHAR2(9 BYTE), 
	"TELEFON" VARCHAR2(10 BYTE), 
	"FAX" VARCHAR2(10 BYTE)
   ) SEGMENT CREATION IMMEDIATE 
  PCTFREE 10 PCTUSED 40 INITRANS 1 MAXTRANS 255 
 NOCOMPRESS LOGGING
  STORAGE(INITIAL 65536 NEXT 1048576 MINEXTENTS 1 MAXEXTENTS 2147483645
  PCTINCREASE 0 FREELISTS 1 FREELIST GROUPS 1
  BUFFER_POOL DEFAULT FLASH_CACHE DEFAULT CELL_FLASH_CACHE DEFAULT)
  TABLESPACE "USERS" ;
--------------------------------------------------------
--  DDL for Table MESTO
--------------------------------------------------------

  CREATE TABLE "MARIJA"."MESTO" SHARING=METADATA 
   (	"MESTOID" NUMBER, 
	"NAZIVMESTA" VARCHAR2(50 BYTE)
   ) SEGMENT CREATION IMMEDIATE 
  PCTFREE 10 PCTUSED 40 INITRANS 1 MAXTRANS 255 
 NOCOMPRESS  LOGGING 
  STORAGE(INITIAL 65536 NEXT 1048576 MINEXTENTS 1 MAXEXTENTS 2147483645
  PCTINCREASE 0
  BUFFER_POOL DEFAULT FLASH_CACHE DEFAULT CELL_FLASH_CACHE DEFAULT)
  TABLESPACE "USERS" 
  PARTITION BY LIST ("NAZIVMESTA") 
 (PARTITION "BEOGRAD"  VALUES ('Beograd', 'Lazarevac', 'Mladenovac', 'Obrenovac') SEGMENT CREATION IMMEDIATE 
  PCTFREE 10 PCTUSED 40 INITRANS 1 MAXTRANS 255 
 NOCOMPRESS LOGGING 
  STORAGE(INITIAL 65536 NEXT 1048576 MINEXTENTS 1 MAXEXTENTS 2147483645
  PCTINCREASE 0 FREELISTS 1 FREELIST GROUPS 1
  BUFFER_POOL DEFAULT FLASH_CACHE DEFAULT CELL_FLASH_CACHE DEFAULT)
  TABLESPACE "USERS" , 
 PARTITION "VOJVODINA"  VALUES ('Novi Sad', 'Pancevo', 'Subotica', 'Sombor', 'Zrenjanin', 'Sremska Mitrovica', 'Vrsac', 'Ruma', 'Kikinda') SEGMENT CREATION IMMEDIATE 
  PCTFREE 10 PCTUSED 40 INITRANS 1 MAXTRANS 255 
 NOCOMPRESS LOGGING 
  STORAGE(INITIAL 65536 NEXT 1048576 MINEXTENTS 1 MAXEXTENTS 2147483645
  PCTINCREASE 0 FREELISTS 1 FREELIST GROUPS 1
  BUFFER_POOL DEFAULT FLASH_CACHE DEFAULT CELL_FLASH_CACHE DEFAULT)
  TABLESPACE "USERS" , 
 PARTITION "SUMADIJA"  VALUES ('Kragujevac', 'Smederevo', 'Jagodina', 'Paracin', 'Krusevac', 'Kraljevo') SEGMENT CREATION IMMEDIATE 
  PCTFREE 10 PCTUSED 40 INITRANS 1 MAXTRANS 255 
 NOCOMPRESS LOGGING 
  STORAGE(INITIAL 65536 NEXT 1048576 MINEXTENTS 1 MAXEXTENTS 2147483645
  PCTINCREASE 0 FREELISTS 1 FREELIST GROUPS 1
  BUFFER_POOL DEFAULT FLASH_CACHE DEFAULT CELL_FLASH_CACHE DEFAULT)
  TABLESPACE "USERS" , 
 PARTITION "ISTOCNA_SRBIJA"  VALUES ('Bor', 'Zajecar', 'Pozarevac', 'Kladovo', 'Majdanpek', 'Knjazevac', 'Sokobanja') SEGMENT CREATION IMMEDIATE 
  PCTFREE 10 PCTUSED 40 INITRANS 1 MAXTRANS 255 
 NOCOMPRESS LOGGING 
  STORAGE(INITIAL 65536 NEXT 1048576 MINEXTENTS 1 MAXEXTENTS 2147483645
  PCTINCREASE 0 FREELISTS 1 FREELIST GROUPS 1
  BUFFER_POOL DEFAULT FLASH_CACHE DEFAULT CELL_FLASH_CACHE DEFAULT)
  TABLESPACE "USERS" , 
 PARTITION "ZAPADNA_SRBIJA"  VALUES ('Loznica', 'Sabac', 'Cacak', 'Uzice', 'Prijepolje', 'Ivanjica', 'Valjevo') SEGMENT CREATION IMMEDIATE 
  PCTFREE 10 PCTUSED 40 INITRANS 1 MAXTRANS 255 
 NOCOMPRESS LOGGING 
  STORAGE(INITIAL 65536 NEXT 1048576 MINEXTENTS 1 MAXEXTENTS 2147483645
  PCTINCREASE 0 FREELISTS 1 FREELIST GROUPS 1
  BUFFER_POOL DEFAULT FLASH_CACHE DEFAULT CELL_FLASH_CACHE DEFAULT)
  TABLESPACE "USERS" , 
 PARTITION "JUZNA_SRBIJA"  VALUES ('Nis', 'Leskovac', 'Novi Pazar', 'Pirot', 'Vranje', 'Prokuplje') SEGMENT CREATION IMMEDIATE 
  PCTFREE 10 PCTUSED 40 INITRANS 1 MAXTRANS 255 
 NOCOMPRESS LOGGING 
  STORAGE(INITIAL 65536 NEXT 1048576 MINEXTENTS 1 MAXEXTENTS 2147483645
  PCTINCREASE 0 FREELISTS 1 FREELIST GROUPS 1
  BUFFER_POOL DEFAULT FLASH_CACHE DEFAULT CELL_FLASH_CACHE DEFAULT)
  TABLESPACE "USERS" )  ENABLE ROW MOVEMENT ;
--------------------------------------------------------
--  DDL for Table NACINISPORUKE
--------------------------------------------------------

  CREATE TABLE "MARIJA"."NACINISPORUKE" 
   (	"NACINISPORUKEID" NUMBER, 
	"NAZIVNACINAISP" VARCHAR2(50 BYTE)
   ) SEGMENT CREATION IMMEDIATE 
  PCTFREE 10 PCTUSED 40 INITRANS 1 MAXTRANS 255 
 NOCOMPRESS LOGGING
  STORAGE(INITIAL 65536 NEXT 1048576 MINEXTENTS 1 MAXEXTENTS 2147483645
  PCTINCREASE 0 FREELISTS 1 FREELIST GROUPS 1
  BUFFER_POOL DEFAULT FLASH_CACHE DEFAULT CELL_FLASH_CACHE DEFAULT)
  TABLESPACE "USERS" ;
--------------------------------------------------------
--  DDL for Table OTPREMNICA
--------------------------------------------------------

  CREATE TABLE "MARIJA"."OTPREMNICA" 
   (	"BROJOTPREMNICE" NUMBER, 
	"NAPOMENA" VARCHAR2(50 BYTE), 
	"DATUMOTPREMNICE" NUMBER, 
	"ZELJENITERMIN" NUMBER, 
	"DOBID" NUMBER, 
	"BRPORUDZ" NUMBER, 
	"ODOBRIO" NUMBER, 
	"PRIMIO" NUMBER
   ) SEGMENT CREATION IMMEDIATE 
  PCTFREE 10 PCTUSED 40 INITRANS 1 MAXTRANS 255 
 NOCOMPRESS LOGGING
  STORAGE(INITIAL 65536 NEXT 1048576 MINEXTENTS 1 MAXEXTENTS 2147483645
  PCTINCREASE 0 FREELISTS 1 FREELIST GROUPS 1
  BUFFER_POOL DEFAULT FLASH_CACHE DEFAULT CELL_FLASH_CACHE DEFAULT)
  TABLESPACE "USERS" ;
--------------------------------------------------------
--  DDL for Table PLACANJE
--------------------------------------------------------

  CREATE TABLE "MARIJA"."PLACANJE" 
   (	"PLACANJEID" NUMBER, 
	"NACINPLACANJA" VARCHAR2(50 BYTE), 
	"ROKPLACANJA" VARCHAR2(50 BYTE), 
	"VALUTAID" NUMBER
   ) SEGMENT CREATION IMMEDIATE 
  PCTFREE 10 PCTUSED 40 INITRANS 1 MAXTRANS 255 
 NOCOMPRESS LOGGING
  STORAGE(INITIAL 65536 NEXT 1048576 MINEXTENTS 1 MAXEXTENTS 2147483645
  PCTINCREASE 0 FREELISTS 1 FREELIST GROUPS 1
  BUFFER_POOL DEFAULT FLASH_CACHE DEFAULT CELL_FLASH_CACHE DEFAULT)
  TABLESPACE "USERS" ;
--------------------------------------------------------
--  DDL for Table PORUDZBINA
--------------------------------------------------------

  CREATE TABLE "MARIJA"."PORUDZBINA" 
   (	"BRPORUDZ" NUMBER, 
	"NACINPORUDZ" VARCHAR2(50 BYTE), 
	"INFOPORUDZ" VARCHAR2(50 BYTE), 
	"NACINISPORUKEID" NUMBER, 
	"DATUMID" NUMBER, 
	"PLACANJEID" NUMBER, 
	"DOBID" NUMBER, 
	"SIFRAKUPCA" NUMBER, 
	"VALUTAID" NUMBER, 
	"UKUPANIZNOS" NUMBER(*,0)
   ) SEGMENT CREATION IMMEDIATE 
  PCTFREE 10 PCTUSED 40 INITRANS 1 MAXTRANS 255 
 NOCOMPRESS LOGGING
  STORAGE(INITIAL 65536 NEXT 1048576 MINEXTENTS 1 MAXEXTENTS 2147483645
  PCTINCREASE 0 FREELISTS 1 FREELIST GROUPS 1
  BUFFER_POOL DEFAULT FLASH_CACHE DEFAULT CELL_FLASH_CACHE DEFAULT)
  TABLESPACE "USERS" ;
--------------------------------------------------------
--  DDL for Table PROFAKTURA
--------------------------------------------------------

  CREATE TABLE "MARIJA"."PROFAKTURA" 
   (	"BROJPROFAKTURE" NUMBER, 
	"OSNOVICA" NUMBER(*,0), 
	"IZNOSPDV" NUMBER(*,0), 
	"UKUPANIZNOS" NUMBER(*,0), 
	"DATUMID" NUMBER, 
	"BRPORUDZ" NUMBER, 
	"DOBID" NUMBER, 
	"SIFRAKUPCA" NUMBER, 
	"STOPAPDV" "MARIJA"."PROCENAT" 
   ) SEGMENT CREATION IMMEDIATE 
  PCTFREE 10 PCTUSED 40 INITRANS 1 MAXTRANS 255 
 NOCOMPRESS LOGGING
  STORAGE(INITIAL 65536 NEXT 1048576 MINEXTENTS 1 MAXEXTENTS 2147483645
  PCTINCREASE 0 FREELISTS 1 FREELIST GROUPS 1
  BUFFER_POOL DEFAULT FLASH_CACHE DEFAULT CELL_FLASH_CACHE DEFAULT)
  TABLESPACE "USERS" ;
--------------------------------------------------------
--  DDL for Table SEKTOR
--------------------------------------------------------

  CREATE TABLE "MARIJA"."SEKTOR" 
   (	"SIFRASEKTORA" NUMBER, 
	"NAZIVSEKTORA" VARCHAR2(50 BYTE)
   ) SEGMENT CREATION IMMEDIATE 
  PCTFREE 10 PCTUSED 40 INITRANS 1 MAXTRANS 255 
 NOCOMPRESS LOGGING
  STORAGE(INITIAL 65536 NEXT 1048576 MINEXTENTS 1 MAXEXTENTS 2147483645
  PCTINCREASE 0 FREELISTS 1 FREELIST GROUPS 1
  BUFFER_POOL DEFAULT FLASH_CACHE DEFAULT CELL_FLASH_CACHE DEFAULT)
  TABLESPACE "USERS" ;
--------------------------------------------------------
--  DDL for Table STAVKAFAKTURE
--------------------------------------------------------

  CREATE TABLE "MARIJA"."STAVKAFAKTURE" 
   (	"BROJFAKTURE" NUMBER, 
	"RBSTAVKE" NUMBER, 
	"KOLICINA" NUMBER, 
	"ARTIKALID" NUMBER, 
	"JMID" NUMBER
   ) SEGMENT CREATION DEFERRED 
  PCTFREE 10 PCTUSED 40 INITRANS 1 MAXTRANS 255 
 NOCOMPRESS LOGGING
  TABLESPACE "USERS" ;
--------------------------------------------------------
--  DDL for Table STAVKAKATALOGA
--------------------------------------------------------

  CREATE TABLE "MARIJA"."STAVKAKATALOGA" 
   (	"DOBID" NUMBER, 
	"KATALOGID" NUMBER, 
	"STAVKAID" NUMBER, 
	"RBSTAVKE" NUMBER, 
	"ARTIKALID" NUMBER, 
	"JMID" NUMBER, 
	"NAZIVDOB" VARCHAR2(50 BYTE)
   ) SEGMENT CREATION IMMEDIATE 
  PCTFREE 10 PCTUSED 40 INITRANS 1 MAXTRANS 255 
 NOCOMPRESS LOGGING
  STORAGE(INITIAL 65536 NEXT 1048576 MINEXTENTS 1 MAXEXTENTS 2147483645
  PCTINCREASE 0 FREELISTS 1 FREELIST GROUPS 1
  BUFFER_POOL DEFAULT FLASH_CACHE DEFAULT CELL_FLASH_CACHE DEFAULT)
  TABLESPACE "USERS" ;
--------------------------------------------------------
--  DDL for Table STAVKAOTPREMNICE
--------------------------------------------------------

  CREATE TABLE "MARIJA"."STAVKAOTPREMNICE" 
   (	"BROJOTPREMNICE" NUMBER, 
	"RBSTAVKE" NUMBER, 
	"OTPKOLICINA" NUMBER, 
	"ARTIKALID" NUMBER, 
	"JMID" NUMBER
   ) SEGMENT CREATION DEFERRED 
  PCTFREE 10 PCTUSED 40 INITRANS 1 MAXTRANS 255 
 NOCOMPRESS LOGGING
  TABLESPACE "USERS" ;
--------------------------------------------------------
--  DDL for Table STAVKAPORUDZBINE
--------------------------------------------------------

  CREATE TABLE "MARIJA"."STAVKAPORUDZBINE" 
   (	"BRPORUDZ" NUMBER, 
	"RBSTAVKE" NUMBER, 
	"KOLICINA" NUMBER, 
	"ARTIKALID" NUMBER, 
	"JMID" NUMBER
   ) SEGMENT CREATION IMMEDIATE 
  PCTFREE 10 PCTUSED 40 INITRANS 1 MAXTRANS 255 
 NOCOMPRESS LOGGING
  STORAGE(INITIAL 65536 NEXT 1048576 MINEXTENTS 1 MAXEXTENTS 2147483645
  PCTINCREASE 0 FREELISTS 1 FREELIST GROUPS 1
  BUFFER_POOL DEFAULT FLASH_CACHE DEFAULT CELL_FLASH_CACHE DEFAULT)
  TABLESPACE "USERS" ;
--------------------------------------------------------
--  DDL for Table STAVKAPROFAKTURE
--------------------------------------------------------

  CREATE TABLE "MARIJA"."STAVKAPROFAKTURE" 
   (	"BROJPROFAKTURE" NUMBER, 
	"RBSTAVKE" NUMBER, 
	"KOLICINA" NUMBER, 
	"ARTIKALID" NUMBER, 
	"JMID" NUMBER
   ) SEGMENT CREATION DEFERRED 
  PCTFREE 10 PCTUSED 40 INITRANS 1 MAXTRANS 255 
 NOCOMPRESS LOGGING
  TABLESPACE "USERS" ;
--------------------------------------------------------
--  DDL for Table TEKUCIRACUN
--------------------------------------------------------

  CREATE TABLE "MARIJA"."TEKUCIRACUN" SHARING=METADATA 
   (	"TEKUCIRACUNID" NUMBER, 
	"BROJRACUNA" VARCHAR2(50 BYTE)
   ) SEGMENT CREATION IMMEDIATE 
  PCTFREE 10 PCTUSED 40 INITRANS 1 MAXTRANS 255 
 NOCOMPRESS LOGGING
  STORAGE(INITIAL 65536 NEXT 1048576 MINEXTENTS 1 MAXEXTENTS 2147483645
  PCTINCREASE 0 FREELISTS 1 FREELIST GROUPS 1
  BUFFER_POOL DEFAULT FLASH_CACHE DEFAULT CELL_FLASH_CACHE DEFAULT)
  TABLESPACE "USERS" ;
--------------------------------------------------------
--  DDL for Table ULICA
--------------------------------------------------------

  CREATE TABLE "MARIJA"."ULICA" SHARING=METADATA 
   (	"MESTOID" NUMBER, 
	"ULICAID" NUMBER, 
	"NAZIVULICE" VARCHAR2(50 BYTE), 
	"NAZIVMESTA" VARCHAR2(50 BYTE)
   ) SEGMENT CREATION IMMEDIATE 
  PCTFREE 10 PCTUSED 40 INITRANS 1 MAXTRANS 255 
 NOCOMPRESS LOGGING
  STORAGE(INITIAL 65536 NEXT 1048576 MINEXTENTS 1 MAXEXTENTS 2147483645
  PCTINCREASE 0 FREELISTS 1 FREELIST GROUPS 1
  BUFFER_POOL DEFAULT FLASH_CACHE DEFAULT CELL_FLASH_CACHE DEFAULT)
  TABLESPACE "USERS" ;
--------------------------------------------------------
--  DDL for Table VALUTA
--------------------------------------------------------

  CREATE TABLE "MARIJA"."VALUTA" SHARING=METADATA 
   (	"VALUTAID" NUMBER, 
	"NAZIVVALUTE" VARCHAR2(20 BYTE), 
	"OZNAKAVALUTE" VARCHAR2(3 BYTE)
   ) SEGMENT CREATION IMMEDIATE 
  PCTFREE 10 PCTUSED 40 INITRANS 1 MAXTRANS 255 
 NOCOMPRESS LOGGING
  STORAGE(INITIAL 65536 NEXT 1048576 MINEXTENTS 1 MAXEXTENTS 2147483645
  PCTINCREASE 0 FREELISTS 1 FREELIST GROUPS 1
  BUFFER_POOL DEFAULT FLASH_CACHE DEFAULT CELL_FLASH_CACHE DEFAULT)
  TABLESPACE "USERS" ;
--------------------------------------------------------
--  DDL for Table VIRMAN
--------------------------------------------------------

  CREATE TABLE "MARIJA"."VIRMAN" 
   (	"BROJVIRMANA" NUMBER, 
	"IZNOS" NUMBER(*,0), 
	"SVRHAUPLATE" VARCHAR2(50 BYTE), 
	"SIFRAPLACANJA" VARCHAR2(3 BYTE), 
	"DATUMID" NUMBER, 
	"DOBID" NUMBER, 
	"SIFRAKUPCA" NUMBER, 
	"VALUTAID" NUMBER, 
	"BROJPROFAKTURE" NUMBER
   ) SEGMENT CREATION IMMEDIATE 
  PCTFREE 10 PCTUSED 40 INITRANS 1 MAXTRANS 255 
 NOCOMPRESS LOGGING
  STORAGE(INITIAL 65536 NEXT 1048576 MINEXTENTS 1 MAXEXTENTS 2147483645
  PCTINCREASE 0 FREELISTS 1 FREELIST GROUPS 1
  BUFFER_POOL DEFAULT FLASH_CACHE DEFAULT CELL_FLASH_CACHE DEFAULT)
  TABLESPACE "USERS" ;
--------------------------------------------------------
--  DDL for Table ZAPOSLENI
--------------------------------------------------------

  CREATE TABLE "MARIJA"."ZAPOSLENI" 
   (	"ZAPOSLENIID" NUMBER, 
	"IMEPREZIMEZAP" VARCHAR2(50 BYTE), 
	"BROJLK" VARCHAR2(9 BYTE), 
	"SIFRASEKTORA" NUMBER
   ) SEGMENT CREATION IMMEDIATE 
  PCTFREE 10 PCTUSED 40 INITRANS 1 MAXTRANS 255 
 NOCOMPRESS LOGGING
  STORAGE(INITIAL 65536 NEXT 1048576 MINEXTENTS 1 MAXEXTENTS 2147483645
  PCTINCREASE 0 FREELISTS 1 FREELIST GROUPS 1
  BUFFER_POOL DEFAULT FLASH_CACHE DEFAULT CELL_FLASH_CACHE DEFAULT)
  TABLESPACE "USERS" ;
--------------------------------------------------------
--  DDL for View KUPAC_VIEW
--------------------------------------------------------

  CREATE OR REPLACE FORCE NONEDITIONABLE VIEW "MARIJA"."KUPAC_VIEW" ("SIFRAKUPCA", "NAZIVKUPCA", "MESTOID", "ULICAID", "ADRESAID", "PIB", "TELEFON", "FAX") AS 
  SELECT K.SifraKupca, K.NazivKupca, K.MestoID, K.UlicaId, K.AdresaID, 
KD.PIB, KD.Telefon,KD.Fax
FROM KUPAC K, KUPAC_DETALJI KD
WHERE K.SifraKupca = KD.SifraKupca
;
REM INSERTING into MARIJA.ADRESA
SET DEFINE OFF;
Insert into MARIJA.ADRESA (MESTOID,ULICAID,ADRESAID,BROJ) values (17,1,1,MARIJA.ULICA_BROJ(19, '/II'));
Insert into MARIJA.ADRESA (MESTOID,ULICAID,ADRESAID,BROJ) values (17,1,3,MARIJA.ULICA_BROJ(18, 'l'));
Insert into MARIJA.ADRESA (MESTOID,ULICAID,ADRESAID,BROJ) values (4,7,3,MARIJA.ULICA_BROJ(120, 'k'));
Insert into MARIJA.ADRESA (MESTOID,ULICAID,ADRESAID,BROJ) values (1,1,1,MARIJA.ULICA_BROJ(10, 'b'));
Insert into MARIJA.ADRESA (MESTOID,ULICAID,ADRESAID,BROJ) values (1,4,1,MARIJA.ULICA_BROJ(12, 'm'));
Insert into MARIJA.ADRESA (MESTOID,ULICAID,ADRESAID,BROJ) values (1,4,3,MARIJA.ULICA_BROJ(5, '/IIa'));
Insert into MARIJA.ADRESA (MESTOID,ULICAID,ADRESAID,BROJ) values (2,5,2,MARIJA.ULICA_BROJ(8, 'm'));
Insert into MARIJA.ADRESA (MESTOID,ULICAID,ADRESAID,BROJ) values (5,8,5,MARIJA.ULICA_BROJ(10, '/c'));
Insert into MARIJA.ADRESA (MESTOID,ULICAID,ADRESAID,BROJ) values (6,5,6,MARIJA.ULICA_BROJ(35, '/5'));
Insert into MARIJA.ADRESA (MESTOID,ULICAID,ADRESAID,BROJ) values (4,7,1,MARIJA.ULICA_BROJ(22, '/7'));
Insert into MARIJA.ADRESA (MESTOID,ULICAID,ADRESAID,BROJ) values (4,7,2,MARIJA.ULICA_BROJ(7, 'c'));
REM INSERTING into MARIJA.ARTIKAL
SET DEFINE OFF;
Insert into MARIJA.ARTIKAL (ARTIKALID,NAZIVARTIKLA,OPISARTIKLA,AKTUELNACENA) values (4,'Mis','Mis crne boje izradjen od plastike
',1300);
Insert into MARIJA.ARTIKAL (ARTIKALID,NAZIVARTIKLA,OPISARTIKLA,AKTUELNACENA) values (5,'Zvucnici','Bkuetooth zvucnici',4200);
Insert into MARIJA.ARTIKAL (ARTIKALID,NAZIVARTIKLA,OPISARTIKLA,AKTUELNACENA) values (6,'Monitor','Samsung monitor, 23.5", LED, 1920x 1080 Full HD',13500);
Insert into MARIJA.ARTIKAL (ARTIKALID,NAZIVARTIKLA,OPISARTIKLA,AKTUELNACENA) values (1,'Patch kabl','sivi, 20m',1500);
Insert into MARIJA.ARTIKAL (ARTIKALID,NAZIVARTIKLA,OPISARTIKLA,AKTUELNACENA) values (3,'Informacioni kabl','Crni, 30m',20);
Insert into MARIJA.ARTIKAL (ARTIKALID,NAZIVARTIKLA,OPISARTIKLA,AKTUELNACENA) values (2,'Tastatura','crne boje',6300);
Insert into MARIJA.ARTIKAL (ARTIKALID,NAZIVARTIKLA,OPISARTIKLA,AKTUELNACENA) values (7,'Slusalice','Bloetooth slusalice',1800);
REM INSERTING into MARIJA.CENA
SET DEFINE OFF;
Insert into MARIJA.CENA (ARTIKALID,DATUMOD,IZNOS,VALUTAID) values (2,to_date('02-DEC-20','DD-MON-RR'),2500,1);
Insert into MARIJA.CENA (ARTIKALID,DATUMOD,IZNOS,VALUTAID) values (2,to_date('03-DEC-20','DD-MON-RR'),2500,1);
Insert into MARIJA.CENA (ARTIKALID,DATUMOD,IZNOS,VALUTAID) values (6,to_date('14-JAN-20','DD-MON-RR'),13500,1);
Insert into MARIJA.CENA (ARTIKALID,DATUMOD,IZNOS,VALUTAID) values (1,to_date('20-JAN-21','DD-MON-RR'),1500,1);
Insert into MARIJA.CENA (ARTIKALID,DATUMOD,IZNOS,VALUTAID) values (1,to_date('05-JAN-21','DD-MON-RR'),1600,1);
Insert into MARIJA.CENA (ARTIKALID,DATUMOD,IZNOS,VALUTAID) values (1,to_date('01-JAN-21','DD-MON-RR'),1700,1);
Insert into MARIJA.CENA (ARTIKALID,DATUMOD,IZNOS,VALUTAID) values (7,to_date('05-JAN-21','DD-MON-RR'),1000,1);
Insert into MARIJA.CENA (ARTIKALID,DATUMOD,IZNOS,VALUTAID) values (7,to_date('21-JAN-21','DD-MON-RR'),1800,1);
Insert into MARIJA.CENA (ARTIKALID,DATUMOD,IZNOS,VALUTAID) values (7,to_date('08-JAN-20','DD-MON-RR'),1200,1);
Insert into MARIJA.CENA (ARTIKALID,DATUMOD,IZNOS,VALUTAID) values (2,to_date('21-JAN-21','DD-MON-RR'),6300,1);
Insert into MARIJA.CENA (ARTIKALID,DATUMOD,IZNOS,VALUTAID) values (3,to_date('08-DEC-20','DD-MON-RR'),20,2);
REM INSERTING into MARIJA.DATUM
SET DEFINE OFF;
Insert into MARIJA.DATUM (DATUMID,GODINA,MESEC,DAN) values (6,2021,1,14);
Insert into MARIJA.DATUM (DATUMID,GODINA,MESEC,DAN) values (7,2020,9,28);
Insert into MARIJA.DATUM (DATUMID,GODINA,MESEC,DAN) values (8,2020,8,13);
Insert into MARIJA.DATUM (DATUMID,GODINA,MESEC,DAN) values (9,2021,1,20);
Insert into MARIJA.DATUM (DATUMID,GODINA,MESEC,DAN) values (2,2020,11,27);
Insert into MARIJA.DATUM (DATUMID,GODINA,MESEC,DAN) values (3,2020,10,17);
Insert into MARIJA.DATUM (DATUMID,GODINA,MESEC,DAN) values (4,2018,12,5);
Insert into MARIJA.DATUM (DATUMID,GODINA,MESEC,DAN) values (5,2019,12,12);
Insert into MARIJA.DATUM (DATUMID,GODINA,MESEC,DAN) values (1,2020,11,21);
REM INSERTING into MARIJA.DELATNOST
SET DEFINE OFF;
Insert into MARIJA.DELATNOST (DELATNOSTID,NAZIVDEL) values (6,'Umetnost');
Insert into MARIJA.DELATNOST (DELATNOSTID,NAZIVDEL) values (7,'HR');
Insert into MARIJA.DELATNOST (DELATNOSTID,NAZIVDEL) values (8,'Arhitektura');
Insert into MARIJA.DELATNOST (DELATNOSTID,NAZIVDEL) values (1,'Informacione tehnologije');
Insert into MARIJA.DELATNOST (DELATNOSTID,NAZIVDEL) values (2,'Pravo');
Insert into MARIJA.DELATNOST (DELATNOSTID,NAZIVDEL) values (3,'Ekonomija');
Insert into MARIJA.DELATNOST (DELATNOSTID,NAZIVDEL) values (4,'Marketing');
Insert into MARIJA.DELATNOST (DELATNOSTID,NAZIVDEL) values (5,'Gradjevina');
REM INSERTING into MARIJA.DOBAVLJAC
SET DEFINE OFF;
Insert into MARIJA.DOBAVLJAC (DOBID,NAZIVDOB,PIB,TELEFON,FAX,MAIL,TEKUCIRACUNID,DELATNOSTID,MESTOID,ULICAID,ADRESAID,BROJRACUNA) values (3,'Gigatron','345678902','064321543','011233345','gigatron@gmail.com',1,3,1,1,1,'170-10460184000-76');
Insert into MARIJA.DOBAVLJAC (DOBID,NAZIVDOB,PIB,TELEFON,FAX,MAIL,TEKUCIRACUNID,DELATNOSTID,MESTOID,ULICAID,ADRESAID,BROJRACUNA) values (1,'Schrack Technik','001212123','064532123','011234122','s@gmail.com',2,2,1,1,1,'120-12312900124-99');
Insert into MARIJA.DOBAVLJAC (DOBID,NAZIVDOB,PIB,TELEFON,FAX,MAIL,TEKUCIRACUNID,DELATNOSTID,MESTOID,ULICAID,ADRESAID,BROJRACUNA) values (4,'Huawei','098765490','065444333','motorola@yahoo.com','motorola@yahoo.com',1,1,2,5,2,'170-10460184000-76');
Insert into MARIJA.DOBAVLJAC (DOBID,NAZIVDOB,PIB,TELEFON,FAX,MAIL,TEKUCIRACUNID,DELATNOSTID,MESTOID,ULICAID,ADRESAID,BROJRACUNA) values (2,'Apple','098765432','065444333','t@gmail.com','t@gmail.com',1,1,1,1,1,'170-10460184000-76');
REM INSERTING into MARIJA.FAKTURA
SET DEFINE OFF;
Insert into MARIJA.FAKTURA (BROJFAKTURE,OSNOVICA,IZNOSPDV,UKUPANIZNOS,BROJOTPREMNICE,MESTOID,SIFRAKUPCA,DOBID,DATUMFAKTURE,DATUMPROMETA,STOPAPDV) values (5,2000,200,2200,1,2,4,3,2,2,MARIJA.PROCENAT(10));
Insert into MARIJA.FAKTURA (BROJFAKTURE,OSNOVICA,IZNOSPDV,UKUPANIZNOS,BROJOTPREMNICE,MESTOID,SIFRAKUPCA,DOBID,DATUMFAKTURE,DATUMPROMETA,STOPAPDV) values (6,2000,200,2200,1,2,1,3,2,1,MARIJA.PROCENAT(10));
Insert into MARIJA.FAKTURA (BROJFAKTURE,OSNOVICA,IZNOSPDV,UKUPANIZNOS,BROJOTPREMNICE,MESTOID,SIFRAKUPCA,DOBID,DATUMFAKTURE,DATUMPROMETA,STOPAPDV) values (8,4000,400,4400,1,2,1,3,2,2,MARIJA.PROCENAT(10));
Insert into MARIJA.FAKTURA (BROJFAKTURE,OSNOVICA,IZNOSPDV,UKUPANIZNOS,BROJOTPREMNICE,MESTOID,SIFRAKUPCA,DOBID,DATUMFAKTURE,DATUMPROMETA,STOPAPDV) values (9,2000,200,2200,1,2,1,3,2,1,MARIJA.PROCENAT(10));
Insert into MARIJA.FAKTURA (BROJFAKTURE,OSNOVICA,IZNOSPDV,UKUPANIZNOS,BROJOTPREMNICE,MESTOID,SIFRAKUPCA,DOBID,DATUMFAKTURE,DATUMPROMETA,STOPAPDV) values (10,1000,300,1300,1,1,3,3,6,6,MARIJA.PROCENAT(30));
Insert into MARIJA.FAKTURA (BROJFAKTURE,OSNOVICA,IZNOSPDV,UKUPANIZNOS,BROJOTPREMNICE,MESTOID,SIFRAKUPCA,DOBID,DATUMFAKTURE,DATUMPROMETA,STOPAPDV) values (2,2000,200,2200,2,2,4,4,1,2,MARIJA.PROCENAT(10));
Insert into MARIJA.FAKTURA (BROJFAKTURE,OSNOVICA,IZNOSPDV,UKUPANIZNOS,BROJOTPREMNICE,MESTOID,SIFRAKUPCA,DOBID,DATUMFAKTURE,DATUMPROMETA,STOPAPDV) values (7,3000,300,3300,2,1,4,1,7,7,MARIJA.PROCENAT(10));
REM INSERTING into MARIJA.JEDINICAMERE
SET DEFINE OFF;
Insert into MARIJA.JEDINICAMERE (JMID,NAZIVJM) values (1,'kom');
Insert into MARIJA.JEDINICAMERE (JMID,NAZIVJM) values (2,'m');
Insert into MARIJA.JEDINICAMERE (JMID,NAZIVJM) values (3,'l');
REM INSERTING into MARIJA.KATALOG
SET DEFINE OFF;
Insert into MARIJA.KATALOG (DOBID,KATALOGID,BROJSTRANICA) values (2,2,30);
Insert into MARIJA.KATALOG (DOBID,KATALOGID,BROJSTRANICA) values (4,1,25);
REM INSERTING into MARIJA.KUPAC
SET DEFINE OFF;
Insert into MARIJA.KUPAC (SIFRAKUPCA,NAZIVKUPCA,MESTOID,ULICAID,ADRESAID) values (3,'VIP ',1,1,1);
Insert into MARIJA.KUPAC (SIFRAKUPCA,NAZIVKUPCA,MESTOID,ULICAID,ADRESAID) values (4,'Drenik ND',1,1,1);
Insert into MARIJA.KUPAC (SIFRAKUPCA,NAZIVKUPCA,MESTOID,ULICAID,ADRESAID) values (1,'Jedna Mala Firma',1,1,1);
Insert into MARIJA.KUPAC (SIFRAKUPCA,NAZIVKUPCA,MESTOID,ULICAID,ADRESAID) values (5,'Telekom',17,1,1);
Insert into MARIJA.KUPAC (SIFRAKUPCA,NAZIVKUPCA,MESTOID,ULICAID,ADRESAID) values (2,'Telenor',1,1,1);
REM INSERTING into MARIJA.KUPAC_DETALJI
SET DEFINE OFF;
Insert into MARIJA.KUPAC_DETALJI (SIFRAKUPCA,PIB,TELEFON,FAX) values (3,'001122330','060699529','011233555');
Insert into MARIJA.KUPAC_DETALJI (SIFRAKUPCA,PIB,TELEFON,FAX) values (4,'009987654','065444321','011232111');
Insert into MARIJA.KUPAC_DETALJI (SIFRAKUPCA,PIB,TELEFON,FAX) values (1,'123456789','061233455','011234768');
Insert into MARIJA.KUPAC_DETALJI (SIFRAKUPCA,PIB,TELEFON,FAX) values (5,'223344557','064333222','011222333');
Insert into MARIJA.KUPAC_DETALJI (SIFRAKUPCA,PIB,TELEFON,FAX) values (2,'098765432','064555333','011222333');
REM INSERTING into MARIJA.MESTO
SET DEFINE OFF;
Insert into MARIJA.MESTO (MESTOID,NAZIVMESTA) values (1,'Beograd');
Insert into MARIJA.MESTO (MESTOID,NAZIVMESTA) values (2,'Obrenovac');
Insert into MARIJA.MESTO (MESTOID,NAZIVMESTA) values (5,'Subotica');
Insert into MARIJA.MESTO (MESTOID,NAZIVMESTA) values (11,'Zrenjanin');
Insert into MARIJA.MESTO (MESTOID,NAZIVMESTA) values (12,'Pancevo');
Insert into MARIJA.MESTO (MESTOID,NAZIVMESTA) values (21,'Sombor');
Insert into MARIJA.MESTO (MESTOID,NAZIVMESTA) values (24,'Kikinda');
Insert into MARIJA.MESTO (MESTOID,NAZIVMESTA) values (25,'Sremska Mitrovica');
Insert into MARIJA.MESTO (MESTOID,NAZIVMESTA) values (27,'Vrsac');
Insert into MARIJA.MESTO (MESTOID,NAZIVMESTA) values (17,'Novi Sad');
Insert into MARIJA.MESTO (MESTOID,NAZIVMESTA) values (7,'Paracin');
Insert into MARIJA.MESTO (MESTOID,NAZIVMESTA) values (10,'Kraljevo');
Insert into MARIJA.MESTO (MESTOID,NAZIVMESTA) values (4,'Kragujevac');
Insert into MARIJA.MESTO (MESTOID,NAZIVMESTA) values (14,'Krusevac');
Insert into MARIJA.MESTO (MESTOID,NAZIVMESTA) values (16,'Smederevo');
Insert into MARIJA.MESTO (MESTOID,NAZIVMESTA) values (26,'Jagodina');
Insert into MARIJA.MESTO (MESTOID,NAZIVMESTA) values (6,'Pozarevac');
Insert into MARIJA.MESTO (MESTOID,NAZIVMESTA) values (28,'Bor');
Insert into MARIJA.MESTO (MESTOID,NAZIVMESTA) values (30,'Kladovo');
Insert into MARIJA.MESTO (MESTOID,NAZIVMESTA) values (9,'Prijepolje');
Insert into MARIJA.MESTO (MESTOID,NAZIVMESTA) values (13,'Cacak');
Insert into MARIJA.MESTO (MESTOID,NAZIVMESTA) values (19,'Valjevo');
Insert into MARIJA.MESTO (MESTOID,NAZIVMESTA) values (20,'Sabac');
Insert into MARIJA.MESTO (MESTOID,NAZIVMESTA) values (15,'Novi Pazar');
Insert into MARIJA.MESTO (MESTOID,NAZIVMESTA) values (18,'Vranje');
Insert into MARIJA.MESTO (MESTOID,NAZIVMESTA) values (22,'Pirot');
Insert into MARIJA.MESTO (MESTOID,NAZIVMESTA) values (29,'Nis');
REM INSERTING into MARIJA.NACINISPORUKE
SET DEFINE OFF;
Insert into MARIJA.NACINISPORUKE (NACINISPORUKEID,NAZIVNACINAISP) values (1,'preuzimanje');
Insert into MARIJA.NACINISPORUKE (NACINISPORUKEID,NAZIVNACINAISP) values (2,'posta');
REM INSERTING into MARIJA.OTPREMNICA
SET DEFINE OFF;
Insert into MARIJA.OTPREMNICA (BROJOTPREMNICE,NAPOMENA,DATUMOTPREMNICE,ZELJENITERMIN,DOBID,BRPORUDZ,ODOBRIO,PRIMIO) values (1,'Otpremljeno na adresu
',1,1,1,1,1,1);
Insert into MARIJA.OTPREMNICA (BROJOTPREMNICE,NAPOMENA,DATUMOTPREMNICE,ZELJENITERMIN,DOBID,BRPORUDZ,ODOBRIO,PRIMIO) values (2,'Otpremljeno na adresu kupca',3,2,2,1,2,2);
REM INSERTING into MARIJA.PLACANJE
SET DEFINE OFF;
Insert into MARIJA.PLACANJE (PLACANJEID,NACINPLACANJA,ROKPLACANJA,VALUTAID) values (2,'Pouzece','Prilikom preuzimanja robe',1);
Insert into MARIJA.PLACANJE (PLACANJEID,NACINPLACANJA,ROKPLACANJA,VALUTAID) values (3,'Online','1 dan',1);
Insert into MARIJA.PLACANJE (PLACANJEID,NACINPLACANJA,ROKPLACANJA,VALUTAID) values (1,'Avansno','5 dana',1);
REM INSERTING into MARIJA.PORUDZBINA
SET DEFINE OFF;
Insert into MARIJA.PORUDZBINA (BRPORUDZ,NACINPORUDZ,INFOPORUDZ,NACINISPORUKEID,DATUMID,PLACANJEID,DOBID,SIFRAKUPCA,VALUTAID,UKUPANIZNOS) values (2,'Online','Poruceno putem mobilne aplikacije',1,5,1,4,1,1,25800);
Insert into MARIJA.PORUDZBINA (BRPORUDZ,NACINPORUDZ,INFOPORUDZ,NACINISPORUKEID,DATUMID,PLACANJEID,DOBID,SIFRAKUPCA,VALUTAID,UKUPANIZNOS) values (1,'Online ','Poruceno putem webshop-a',2,8,1,2,2,1,11300);
REM INSERTING into MARIJA.PROFAKTURA
SET DEFINE OFF;
REM INSERTING into MARIJA.SEKTOR
SET DEFINE OFF;
Insert into MARIJA.SEKTOR (SIFRASEKTORA,NAZIVSEKTORA) values (1,'IT');
Insert into MARIJA.SEKTOR (SIFRASEKTORA,NAZIVSEKTORA) values (2,'HR');
Insert into MARIJA.SEKTOR (SIFRASEKTORA,NAZIVSEKTORA) values (3,'Marketing');
Insert into MARIJA.SEKTOR (SIFRASEKTORA,NAZIVSEKTORA) values (4,'Finansije');
Insert into MARIJA.SEKTOR (SIFRASEKTORA,NAZIVSEKTORA) values (5,'PR');
REM INSERTING into MARIJA.STAVKAFAKTURE
SET DEFINE OFF;
REM INSERTING into MARIJA.STAVKAKATALOGA
SET DEFINE OFF;
Insert into MARIJA.STAVKAKATALOGA (DOBID,KATALOGID,STAVKAID,RBSTAVKE,ARTIKALID,JMID,NAZIVDOB) values (4,1,2,2,6,1,'Huawei');
Insert into MARIJA.STAVKAKATALOGA (DOBID,KATALOGID,STAVKAID,RBSTAVKE,ARTIKALID,JMID,NAZIVDOB) values (4,1,3,3,4,1,'Huawei');
Insert into MARIJA.STAVKAKATALOGA (DOBID,KATALOGID,STAVKAID,RBSTAVKE,ARTIKALID,JMID,NAZIVDOB) values (2,2,1,1,4,1,'Apple');
Insert into MARIJA.STAVKAKATALOGA (DOBID,KATALOGID,STAVKAID,RBSTAVKE,ARTIKALID,JMID,NAZIVDOB) values (2,2,2,2,2,1,'Apple');
Insert into MARIJA.STAVKAKATALOGA (DOBID,KATALOGID,STAVKAID,RBSTAVKE,ARTIKALID,JMID,NAZIVDOB) values (2,2,3,3,5,1,'Apple');
Insert into MARIJA.STAVKAKATALOGA (DOBID,KATALOGID,STAVKAID,RBSTAVKE,ARTIKALID,JMID,NAZIVDOB) values (4,1,1,1,1,1,'Huawei');
REM INSERTING into MARIJA.STAVKAOTPREMNICE
SET DEFINE OFF;
REM INSERTING into MARIJA.STAVKAPORUDZBINE
SET DEFINE OFF;
Insert into MARIJA.STAVKAPORUDZBINE (BRPORUDZ,RBSTAVKE,KOLICINA,ARTIKALID,JMID) values (1,2,5,3,1);
Insert into MARIJA.STAVKAPORUDZBINE (BRPORUDZ,RBSTAVKE,KOLICINA,ARTIKALID,JMID) values (1,1,4,1,1);
Insert into MARIJA.STAVKAPORUDZBINE (BRPORUDZ,RBSTAVKE,KOLICINA,ARTIKALID,JMID) values (2,4,2,1,1);
Insert into MARIJA.STAVKAPORUDZBINE (BRPORUDZ,RBSTAVKE,KOLICINA,ARTIKALID,JMID) values (2,5,3,2,1);
Insert into MARIJA.STAVKAPORUDZBINE (BRPORUDZ,RBSTAVKE,KOLICINA,ARTIKALID,JMID) values (1,4,4,4,1);
Insert into MARIJA.STAVKAPORUDZBINE (BRPORUDZ,RBSTAVKE,KOLICINA,ARTIKALID,JMID) values (2,3,3,4,1);
REM INSERTING into MARIJA.STAVKAPROFAKTURE
SET DEFINE OFF;
REM INSERTING into MARIJA.TEKUCIRACUN
SET DEFINE OFF;
Insert into MARIJA.TEKUCIRACUN (TEKUCIRACUNID,BROJRACUNA) values (1,'170-10460184000-76');
Insert into MARIJA.TEKUCIRACUN (TEKUCIRACUNID,BROJRACUNA) values (2,'120-12312900124-99');
Insert into MARIJA.TEKUCIRACUN (TEKUCIRACUNID,BROJRACUNA) values (3,'150-12345678945-99');
Insert into MARIJA.TEKUCIRACUN (TEKUCIRACUNID,BROJRACUNA) values (4,'180-23456789911-09');
Insert into MARIJA.TEKUCIRACUN (TEKUCIRACUNID,BROJRACUNA) values (5,'130-11112289765-12');
Insert into MARIJA.TEKUCIRACUN (TEKUCIRACUNID,BROJRACUNA) values (6,'190-09876789076-47');
REM INSERTING into MARIJA.ULICA
SET DEFINE OFF;
Insert into MARIJA.ULICA (MESTOID,ULICAID,NAZIVULICE,NAZIVMESTA) values (17,1,'Zmaj Jovina','Novi Sad');
Insert into MARIJA.ULICA (MESTOID,ULICAID,NAZIVULICE,NAZIVMESTA) values (4,4,'Savnicka','Kragujevac');
Insert into MARIJA.ULICA (MESTOID,ULICAID,NAZIVULICE,NAZIVMESTA) values (2,5,'Ulica Lipa','Obrenovac');
Insert into MARIJA.ULICA (MESTOID,ULICAID,NAZIVULICE,NAZIVMESTA) values (6,5,'Emila Zole','Pozarevac');
Insert into MARIJA.ULICA (MESTOID,ULICAID,NAZIVULICE,NAZIVMESTA) values (4,7,'Jelezovacka','Kragujevac');
Insert into MARIJA.ULICA (MESTOID,ULICAID,NAZIVULICE,NAZIVMESTA) values (5,8,'27.marta','Subotica');
Insert into MARIJA.ULICA (MESTOID,ULICAID,NAZIVULICE,NAZIVMESTA) values (9,9,'Kosovska','Prijepolje');
Insert into MARIJA.ULICA (MESTOID,ULICAID,NAZIVULICE,NAZIVMESTA) values (1,1,'Sandzacka','Beograd');
Insert into MARIJA.ULICA (MESTOID,ULICAID,NAZIVULICE,NAZIVMESTA) values (1,4,'Makedonska','Beograd');
REM INSERTING into MARIJA.VALUTA
SET DEFINE OFF;
Insert into MARIJA.VALUTA (VALUTAID,NAZIVVALUTE,OZNAKAVALUTE) values (1,'Dinar','RSD');
Insert into MARIJA.VALUTA (VALUTAID,NAZIVVALUTE,OZNAKAVALUTE) values (2,'Evro','EUR');
Insert into MARIJA.VALUTA (VALUTAID,NAZIVVALUTE,OZNAKAVALUTE) values (3,'Dolar','USD');
REM INSERTING into MARIJA.VIRMAN
SET DEFINE OFF;
REM INSERTING into MARIJA.ZAPOSLENI
SET DEFINE OFF;
Insert into MARIJA.ZAPOSLENI (ZAPOSLENIID,IMEPREZIMEZAP,BROJLK,SIFRASEKTORA) values (4,'Ana Ivanovic','001236547',2);
Insert into MARIJA.ZAPOSLENI (ZAPOSLENIID,IMEPREZIMEZAP,BROJLK,SIFRASEKTORA) values (1,'Marija Bjelopetrovic','008311759',1);
Insert into MARIJA.ZAPOSLENI (ZAPOSLENIID,IMEPREZIMEZAP,BROJLK,SIFRASEKTORA) values (2,'Marko Poledica','123456789',1);
Insert into MARIJA.ZAPOSLENI (ZAPOSLENIID,IMEPREZIMEZAP,BROJLK,SIFRASEKTORA) values (3,'Bojan Poznanovic','009876245',1);
--------------------------------------------------------
--  DDL for Index ADRESA_PK
--------------------------------------------------------

  CREATE UNIQUE INDEX "MARIJA"."ADRESA_PK" ON "MARIJA"."ADRESA" ("MESTOID", "ULICAID", "ADRESAID") 
  PCTFREE 10 INITRANS 2 MAXTRANS 255 COMPUTE STATISTICS 
  STORAGE(INITIAL 65536 NEXT 1048576 MINEXTENTS 1 MAXEXTENTS 2147483645
  PCTINCREASE 0 FREELISTS 1 FREELIST GROUPS 1
  BUFFER_POOL DEFAULT FLASH_CACHE DEFAULT CELL_FLASH_CACHE DEFAULT)
  TABLESPACE "USERS" ;
--------------------------------------------------------
--  DDL for Index ARTIKAL_PK
--------------------------------------------------------

  CREATE UNIQUE INDEX "MARIJA"."ARTIKAL_PK" ON "MARIJA"."ARTIKAL" ("ARTIKALID") 
  PCTFREE 10 INITRANS 2 MAXTRANS 255 COMPUTE STATISTICS 
  STORAGE(INITIAL 65536 NEXT 1048576 MINEXTENTS 1 MAXEXTENTS 2147483645
  PCTINCREASE 0 FREELISTS 1 FREELIST GROUPS 1
  BUFFER_POOL DEFAULT FLASH_CACHE DEFAULT CELL_FLASH_CACHE DEFAULT)
  TABLESPACE "USERS" ;
--------------------------------------------------------
--  DDL for Index CENA_PK
--------------------------------------------------------

  CREATE UNIQUE INDEX "MARIJA"."CENA_PK" ON "MARIJA"."CENA" ("ARTIKALID", "DATUMOD") 
  PCTFREE 10 INITRANS 2 MAXTRANS 255 COMPUTE STATISTICS 
  STORAGE(INITIAL 65536 NEXT 1048576 MINEXTENTS 1 MAXEXTENTS 2147483645
  PCTINCREASE 0 FREELISTS 1 FREELIST GROUPS 1
  BUFFER_POOL DEFAULT FLASH_CACHE DEFAULT CELL_FLASH_CACHE DEFAULT)
  TABLESPACE "USERS" ;
--------------------------------------------------------
--  DDL for Index DATUM_PK
--------------------------------------------------------

  CREATE UNIQUE INDEX "MARIJA"."DATUM_PK" ON "MARIJA"."DATUM" ("DATUMID") 
  PCTFREE 10 INITRANS 2 MAXTRANS 255 COMPUTE STATISTICS 
  STORAGE(INITIAL 65536 NEXT 1048576 MINEXTENTS 1 MAXEXTENTS 2147483645
  PCTINCREASE 0 FREELISTS 1 FREELIST GROUPS 1
  BUFFER_POOL DEFAULT FLASH_CACHE DEFAULT CELL_FLASH_CACHE DEFAULT)
  TABLESPACE "USERS" ;
--------------------------------------------------------
--  DDL for Index DELATNOST_PK
--------------------------------------------------------

  CREATE UNIQUE INDEX "MARIJA"."DELATNOST_PK" ON "MARIJA"."DELATNOST" ("DELATNOSTID") 
  PCTFREE 10 INITRANS 2 MAXTRANS 255 COMPUTE STATISTICS 
  STORAGE(INITIAL 65536 NEXT 1048576 MINEXTENTS 1 MAXEXTENTS 2147483645
  PCTINCREASE 0 FREELISTS 1 FREELIST GROUPS 1
  BUFFER_POOL DEFAULT FLASH_CACHE DEFAULT CELL_FLASH_CACHE DEFAULT)
  TABLESPACE "USERS" ;
--------------------------------------------------------
--  DDL for Index DOBAVLJAC_PK
--------------------------------------------------------

  CREATE UNIQUE INDEX "MARIJA"."DOBAVLJAC_PK" ON "MARIJA"."DOBAVLJAC" ("DOBID") 
  PCTFREE 10 INITRANS 2 MAXTRANS 255 COMPUTE STATISTICS 
  STORAGE(INITIAL 65536 NEXT 1048576 MINEXTENTS 1 MAXEXTENTS 2147483645
  PCTINCREASE 0 FREELISTS 1 FREELIST GROUPS 1
  BUFFER_POOL DEFAULT FLASH_CACHE DEFAULT CELL_FLASH_CACHE DEFAULT)
  TABLESPACE "USERS" ;
--------------------------------------------------------
--  DDL for Index FAKTURA_PK
--------------------------------------------------------

  CREATE UNIQUE INDEX "MARIJA"."FAKTURA_PK" ON "MARIJA"."FAKTURA" ("BROJFAKTURE") 
  PCTFREE 10 INITRANS 2 MAXTRANS 255 COMPUTE STATISTICS 
  STORAGE(INITIAL 65536 NEXT 1048576 MINEXTENTS 1 MAXEXTENTS 2147483645
  PCTINCREASE 0 FREELISTS 1 FREELIST GROUPS 1
  BUFFER_POOL DEFAULT FLASH_CACHE DEFAULT CELL_FLASH_CACHE DEFAULT)
  TABLESPACE "USERS" ;
--------------------------------------------------------
--  DDL for Index JEDINICAMERE_PK
--------------------------------------------------------

  CREATE UNIQUE INDEX "MARIJA"."JEDINICAMERE_PK" ON "MARIJA"."JEDINICAMERE" ("JMID") 
  PCTFREE 10 INITRANS 2 MAXTRANS 255 COMPUTE STATISTICS 
  STORAGE(INITIAL 65536 NEXT 1048576 MINEXTENTS 1 MAXEXTENTS 2147483645
  PCTINCREASE 0 FREELISTS 1 FREELIST GROUPS 1
  BUFFER_POOL DEFAULT FLASH_CACHE DEFAULT CELL_FLASH_CACHE DEFAULT)
  TABLESPACE "USERS" ;
--------------------------------------------------------
--  DDL for Index KATALOG_PK
--------------------------------------------------------

  CREATE UNIQUE INDEX "MARIJA"."KATALOG_PK" ON "MARIJA"."KATALOG" ("DOBID", "KATALOGID") 
  PCTFREE 10 INITRANS 2 MAXTRANS 255 COMPUTE STATISTICS 
  STORAGE(INITIAL 65536 NEXT 1048576 MINEXTENTS 1 MAXEXTENTS 2147483645
  PCTINCREASE 0 FREELISTS 1 FREELIST GROUPS 1
  BUFFER_POOL DEFAULT FLASH_CACHE DEFAULT CELL_FLASH_CACHE DEFAULT)
  TABLESPACE "USERS" ;
--------------------------------------------------------
--  DDL for Index KUPAC_DETALJI_PK
--------------------------------------------------------

  CREATE UNIQUE INDEX "MARIJA"."KUPAC_DETALJI_PK" ON "MARIJA"."KUPAC_DETALJI" ("SIFRAKUPCA") 
  PCTFREE 10 INITRANS 2 MAXTRANS 255 COMPUTE STATISTICS 
  STORAGE(INITIAL 65536 NEXT 1048576 MINEXTENTS 1 MAXEXTENTS 2147483645
  PCTINCREASE 0 FREELISTS 1 FREELIST GROUPS 1
  BUFFER_POOL DEFAULT FLASH_CACHE DEFAULT CELL_FLASH_CACHE DEFAULT)
  TABLESPACE "USERS" ;
--------------------------------------------------------
--  DDL for Index KUPAC_PK
--------------------------------------------------------

  CREATE UNIQUE INDEX "MARIJA"."KUPAC_PK" ON "MARIJA"."KUPAC" ("SIFRAKUPCA") 
  PCTFREE 10 INITRANS 2 MAXTRANS 255 COMPUTE STATISTICS 
  STORAGE(INITIAL 65536 NEXT 1048576 MINEXTENTS 1 MAXEXTENTS 2147483645
  PCTINCREASE 0 FREELISTS 1 FREELIST GROUPS 1
  BUFFER_POOL DEFAULT FLASH_CACHE DEFAULT CELL_FLASH_CACHE DEFAULT)
  TABLESPACE "USERS" ;
--------------------------------------------------------
--  DDL for Index MESTO_PK
--------------------------------------------------------

  CREATE UNIQUE INDEX "MARIJA"."MESTO_PK" ON "MARIJA"."MESTO" ("MESTOID") 
  PCTFREE 10 INITRANS 2 MAXTRANS 255 COMPUTE STATISTICS 
  STORAGE(INITIAL 65536 NEXT 1048576 MINEXTENTS 1 MAXEXTENTS 2147483645
  PCTINCREASE 0 FREELISTS 1 FREELIST GROUPS 1
  BUFFER_POOL DEFAULT FLASH_CACHE DEFAULT CELL_FLASH_CACHE DEFAULT)
  TABLESPACE "USERS" ;
--------------------------------------------------------
--  DDL for Index NACINISPORUKE_PK
--------------------------------------------------------

  CREATE UNIQUE INDEX "MARIJA"."NACINISPORUKE_PK" ON "MARIJA"."NACINISPORUKE" ("NACINISPORUKEID") 
  PCTFREE 10 INITRANS 2 MAXTRANS 255 COMPUTE STATISTICS 
  STORAGE(INITIAL 65536 NEXT 1048576 MINEXTENTS 1 MAXEXTENTS 2147483645
  PCTINCREASE 0 FREELISTS 1 FREELIST GROUPS 1
  BUFFER_POOL DEFAULT FLASH_CACHE DEFAULT CELL_FLASH_CACHE DEFAULT)
  TABLESPACE "USERS" ;
--------------------------------------------------------
--  DDL for Index OTPREMNICA_PK
--------------------------------------------------------

  CREATE UNIQUE INDEX "MARIJA"."OTPREMNICA_PK" ON "MARIJA"."OTPREMNICA" ("BROJOTPREMNICE") 
  PCTFREE 10 INITRANS 2 MAXTRANS 255 COMPUTE STATISTICS 
  STORAGE(INITIAL 65536 NEXT 1048576 MINEXTENTS 1 MAXEXTENTS 2147483645
  PCTINCREASE 0 FREELISTS 1 FREELIST GROUPS 1
  BUFFER_POOL DEFAULT FLASH_CACHE DEFAULT CELL_FLASH_CACHE DEFAULT)
  TABLESPACE "USERS" ;
--------------------------------------------------------
--  DDL for Index PLACANJE_PK
--------------------------------------------------------

  CREATE UNIQUE INDEX "MARIJA"."PLACANJE_PK" ON "MARIJA"."PLACANJE" ("PLACANJEID") 
  PCTFREE 10 INITRANS 2 MAXTRANS 255 COMPUTE STATISTICS 
  STORAGE(INITIAL 65536 NEXT 1048576 MINEXTENTS 1 MAXEXTENTS 2147483645
  PCTINCREASE 0 FREELISTS 1 FREELIST GROUPS 1
  BUFFER_POOL DEFAULT FLASH_CACHE DEFAULT CELL_FLASH_CACHE DEFAULT)
  TABLESPACE "USERS" ;
--------------------------------------------------------
--  DDL for Index PORUDZBINA_PK
--------------------------------------------------------

  CREATE UNIQUE INDEX "MARIJA"."PORUDZBINA_PK" ON "MARIJA"."PORUDZBINA" ("BRPORUDZ") 
  PCTFREE 10 INITRANS 2 MAXTRANS 255 COMPUTE STATISTICS 
  STORAGE(INITIAL 65536 NEXT 1048576 MINEXTENTS 1 MAXEXTENTS 2147483645
  PCTINCREASE 0 FREELISTS 1 FREELIST GROUPS 1
  BUFFER_POOL DEFAULT FLASH_CACHE DEFAULT CELL_FLASH_CACHE DEFAULT)
  TABLESPACE "USERS" ;
--------------------------------------------------------
--  DDL for Index PROFAKTURA_PK
--------------------------------------------------------

  CREATE UNIQUE INDEX "MARIJA"."PROFAKTURA_PK" ON "MARIJA"."PROFAKTURA" ("BROJPROFAKTURE") 
  PCTFREE 10 INITRANS 2 MAXTRANS 255 COMPUTE STATISTICS 
  STORAGE(INITIAL 65536 NEXT 1048576 MINEXTENTS 1 MAXEXTENTS 2147483645
  PCTINCREASE 0 FREELISTS 1 FREELIST GROUPS 1
  BUFFER_POOL DEFAULT FLASH_CACHE DEFAULT CELL_FLASH_CACHE DEFAULT)
  TABLESPACE "USERS" ;
--------------------------------------------------------
--  DDL for Index SEKTOR_PK
--------------------------------------------------------

  CREATE UNIQUE INDEX "MARIJA"."SEKTOR_PK" ON "MARIJA"."SEKTOR" ("SIFRASEKTORA") 
  PCTFREE 10 INITRANS 2 MAXTRANS 255 COMPUTE STATISTICS 
  STORAGE(INITIAL 65536 NEXT 1048576 MINEXTENTS 1 MAXEXTENTS 2147483645
  PCTINCREASE 0 FREELISTS 1 FREELIST GROUPS 1
  BUFFER_POOL DEFAULT FLASH_CACHE DEFAULT CELL_FLASH_CACHE DEFAULT)
  TABLESPACE "USERS" ;
--------------------------------------------------------
--  DDL for Index STAVKAFAKTURE_PK
--------------------------------------------------------

  CREATE UNIQUE INDEX "MARIJA"."STAVKAFAKTURE_PK" ON "MARIJA"."STAVKAFAKTURE" ("BROJFAKTURE", "RBSTAVKE") 
  PCTFREE 10 INITRANS 2 MAXTRANS 255 COMPUTE STATISTICS 
  TABLESPACE "USERS" ;
--------------------------------------------------------
--  DDL for Index STAVKAKATALOGA_PK
--------------------------------------------------------

  CREATE UNIQUE INDEX "MARIJA"."STAVKAKATALOGA_PK" ON "MARIJA"."STAVKAKATALOGA" ("DOBID", "KATALOGID", "STAVKAID") 
  PCTFREE 10 INITRANS 2 MAXTRANS 255 COMPUTE STATISTICS 
  STORAGE(INITIAL 65536 NEXT 1048576 MINEXTENTS 1 MAXEXTENTS 2147483645
  PCTINCREASE 0 FREELISTS 1 FREELIST GROUPS 1
  BUFFER_POOL DEFAULT FLASH_CACHE DEFAULT CELL_FLASH_CACHE DEFAULT)
  TABLESPACE "USERS" ;
--------------------------------------------------------
--  DDL for Index STAVKAOTPREMNICE_PK
--------------------------------------------------------

  CREATE UNIQUE INDEX "MARIJA"."STAVKAOTPREMNICE_PK" ON "MARIJA"."STAVKAOTPREMNICE" ("BROJOTPREMNICE", "RBSTAVKE") 
  PCTFREE 10 INITRANS 2 MAXTRANS 255 COMPUTE STATISTICS 
  TABLESPACE "USERS" ;
--------------------------------------------------------
--  DDL for Index STAVKAPORUDZBINE_PK
--------------------------------------------------------

  CREATE UNIQUE INDEX "MARIJA"."STAVKAPORUDZBINE_PK" ON "MARIJA"."STAVKAPORUDZBINE" ("BRPORUDZ", "RBSTAVKE") 
  PCTFREE 10 INITRANS 2 MAXTRANS 255 COMPUTE STATISTICS 
  STORAGE(INITIAL 65536 NEXT 1048576 MINEXTENTS 1 MAXEXTENTS 2147483645
  PCTINCREASE 0 FREELISTS 1 FREELIST GROUPS 1
  BUFFER_POOL DEFAULT FLASH_CACHE DEFAULT CELL_FLASH_CACHE DEFAULT)
  TABLESPACE "USERS" ;
--------------------------------------------------------
--  DDL for Index STAVKAPROFAKTURE_PK
--------------------------------------------------------

  CREATE UNIQUE INDEX "MARIJA"."STAVKAPROFAKTURE_PK" ON "MARIJA"."STAVKAPROFAKTURE" ("BROJPROFAKTURE", "RBSTAVKE") 
  PCTFREE 10 INITRANS 2 MAXTRANS 255 COMPUTE STATISTICS 
  TABLESPACE "USERS" ;
--------------------------------------------------------
--  DDL for Index TEKUCIRACUN_PK
--------------------------------------------------------

  CREATE UNIQUE INDEX "MARIJA"."TEKUCIRACUN_PK" ON "MARIJA"."TEKUCIRACUN" ("TEKUCIRACUNID") 
  PCTFREE 10 INITRANS 2 MAXTRANS 255 COMPUTE STATISTICS 
  STORAGE(INITIAL 65536 NEXT 1048576 MINEXTENTS 1 MAXEXTENTS 2147483645
  PCTINCREASE 0 FREELISTS 1 FREELIST GROUPS 1
  BUFFER_POOL DEFAULT FLASH_CACHE DEFAULT CELL_FLASH_CACHE DEFAULT)
  TABLESPACE "USERS" ;
--------------------------------------------------------
--  DDL for Index ULICA_PK
--------------------------------------------------------

  CREATE UNIQUE INDEX "MARIJA"."ULICA_PK" ON "MARIJA"."ULICA" ("ULICAID", "MESTOID") 
  PCTFREE 10 INITRANS 2 MAXTRANS 255 COMPUTE STATISTICS 
  STORAGE(INITIAL 65536 NEXT 1048576 MINEXTENTS 1 MAXEXTENTS 2147483645
  PCTINCREASE 0 FREELISTS 1 FREELIST GROUPS 1
  BUFFER_POOL DEFAULT FLASH_CACHE DEFAULT CELL_FLASH_CACHE DEFAULT)
  TABLESPACE "USERS" ;
--------------------------------------------------------
--  DDL for Index VALUTA_PK
--------------------------------------------------------

  CREATE UNIQUE INDEX "MARIJA"."VALUTA_PK" ON "MARIJA"."VALUTA" ("VALUTAID") 
  PCTFREE 10 INITRANS 2 MAXTRANS 255 COMPUTE STATISTICS 
  STORAGE(INITIAL 65536 NEXT 1048576 MINEXTENTS 1 MAXEXTENTS 2147483645
  PCTINCREASE 0 FREELISTS 1 FREELIST GROUPS 1
  BUFFER_POOL DEFAULT FLASH_CACHE DEFAULT CELL_FLASH_CACHE DEFAULT)
  TABLESPACE "USERS" ;
--------------------------------------------------------
--  DDL for Index VIRMAN_PK
--------------------------------------------------------

  CREATE UNIQUE INDEX "MARIJA"."VIRMAN_PK" ON "MARIJA"."VIRMAN" ("BROJVIRMANA") 
  PCTFREE 10 INITRANS 2 MAXTRANS 255 COMPUTE STATISTICS 
  STORAGE(INITIAL 65536 NEXT 1048576 MINEXTENTS 1 MAXEXTENTS 2147483645
  PCTINCREASE 0 FREELISTS 1 FREELIST GROUPS 1
  BUFFER_POOL DEFAULT FLASH_CACHE DEFAULT CELL_FLASH_CACHE DEFAULT)
  TABLESPACE "USERS" ;
--------------------------------------------------------
--  DDL for Index ZAPOSLENI_PK
--------------------------------------------------------

  CREATE UNIQUE INDEX "MARIJA"."ZAPOSLENI_PK" ON "MARIJA"."ZAPOSLENI" ("ZAPOSLENIID") 
  PCTFREE 10 INITRANS 2 MAXTRANS 255 COMPUTE STATISTICS 
  STORAGE(INITIAL 65536 NEXT 1048576 MINEXTENTS 1 MAXEXTENTS 2147483645
  PCTINCREASE 0 FREELISTS 1 FREELIST GROUPS 1
  BUFFER_POOL DEFAULT FLASH_CACHE DEFAULT CELL_FLASH_CACHE DEFAULT)
  TABLESPACE "USERS" ;
--------------------------------------------------------
--  DDL for Index DOBAVLJAC_INDEX
--------------------------------------------------------

  CREATE INDEX "MARIJA"."DOBAVLJAC_INDEX" ON "MARIJA"."DOBAVLJAC" ("NAZIVDOB") 
  PCTFREE 10 INITRANS 2 MAXTRANS 255 COMPUTE STATISTICS 
  STORAGE(INITIAL 65536 NEXT 1048576 MINEXTENTS 1 MAXEXTENTS 2147483645
  PCTINCREASE 0 FREELISTS 1 FREELIST GROUPS 1
  BUFFER_POOL DEFAULT FLASH_CACHE DEFAULT CELL_FLASH_CACHE DEFAULT)
  TABLESPACE "USERS" ;
--------------------------------------------------------
--  DDL for Index FAKTURA_INDEX
--------------------------------------------------------

  CREATE INDEX "MARIJA"."FAKTURA_INDEX" ON "MARIJA"."FAKTURA" ("UKUPANIZNOS") 
  PCTFREE 10 INITRANS 2 MAXTRANS 255 COMPUTE STATISTICS 
  STORAGE(INITIAL 65536 NEXT 1048576 MINEXTENTS 1 MAXEXTENTS 2147483645
  PCTINCREASE 0 FREELISTS 1 FREELIST GROUPS 1
  BUFFER_POOL DEFAULT FLASH_CACHE DEFAULT CELL_FLASH_CACHE DEFAULT)
  TABLESPACE "USERS" ;
--------------------------------------------------------
--  DDL for Index VALUTA_INDEX1
--------------------------------------------------------

  CREATE INDEX "MARIJA"."VALUTA_INDEX1" ON "MARIJA"."VALUTA" ("NAZIVVALUTE") 
  PCTFREE 10 INITRANS 2 MAXTRANS 255 COMPUTE STATISTICS 
  STORAGE(INITIAL 65536 NEXT 1048576 MINEXTENTS 1 MAXEXTENTS 2147483645
  PCTINCREASE 0 FREELISTS 1 FREELIST GROUPS 1
  BUFFER_POOL DEFAULT FLASH_CACHE DEFAULT CELL_FLASH_CACHE DEFAULT)
  TABLESPACE "USERS" ;
--------------------------------------------------------
--  DDL for Index FK_ARTIKAL_INDEX
--------------------------------------------------------

  CREATE INDEX "MARIJA"."FK_ARTIKAL_INDEX" ON "MARIJA"."STAVKAPORUDZBINE" ("ARTIKALID") 
  PCTFREE 10 INITRANS 2 MAXTRANS 255 COMPUTE STATISTICS 
  STORAGE(INITIAL 65536 NEXT 1048576 MINEXTENTS 1 MAXEXTENTS 2147483645
  PCTINCREASE 0 FREELISTS 1 FREELIST GROUPS 1
  BUFFER_POOL DEFAULT FLASH_CACHE DEFAULT CELL_FLASH_CACHE DEFAULT)
  TABLESPACE "USERS" ;
--------------------------------------------------------
--  DDL for Trigger AKTUELNACENA1
--------------------------------------------------------

  CREATE OR REPLACE NONEDITIONABLE TRIGGER "MARIJA"."AKTUELNACENA1" 
BEFORE INSERT OR UPDATE OF IZNOS OR DELETE ON cena 
FOR EACH ROW
BEGIN
IF (INSERTING OR UPDATING) THEN
BEGIN
cenaart.artikalid := :NEW.artikalid;
END;
ELSE
BEGIN
cenaart.artikalid := :OLD.artikalid;
END;
END IF;
END;
/
ALTER TRIGGER "MARIJA"."AKTUELNACENA1" ENABLE;
--------------------------------------------------------
--  DDL for Trigger AKTUELNACENA2
--------------------------------------------------------

  CREATE OR REPLACE NONEDITIONABLE TRIGGER "MARIJA"."AKTUELNACENA2" 
AFTER INSERT OR UPDATE OR DELETE ON cena
DECLARE
a NUMBER:=cenaart.artikalid;
BEGIN
aktuelnacena(a);
END;
/
ALTER TRIGGER "MARIJA"."AKTUELNACENA2" ENABLE;
--------------------------------------------------------
--  DDL for Trigger BROJ_RACUNA_UPDATE
--------------------------------------------------------

  CREATE OR REPLACE NONEDITIONABLE TRIGGER "MARIJA"."BROJ_RACUNA_UPDATE" 
AFTER UPDATE OF BROJRACUNA
ON TEKUCIRACUN
FOR EACH ROW
DECLARE
PRAGMA AUTONOMOUS_TRANSACTION;
BEGIN
EXECUTE IMMEDIATE 'ALTER TRIGGER MARIJA.NO_UPDATE_OF_BROJ_RACUNA DISABLE';
UPDATE DOBAVLJAC
SET BROJRACUNA=:NEW.BROJRACUNA
WHERE TEKUCIRACUNID=:NEW.TEKUCIRACUNID;
COMMIT;
EXECUTE IMMEDIATE 'ALTER TRIGGER MARIJA.NO_UPDATE_OF_BROJ_RACUNA ENABLE';
END;
/
ALTER TRIGGER "MARIJA"."BROJ_RACUNA_UPDATE" ENABLE;
--------------------------------------------------------
--  DDL for Trigger DELETE_OF_KUPAC_VIEW
--------------------------------------------------------

  CREATE OR REPLACE NONEDITIONABLE TRIGGER "MARIJA"."DELETE_OF_KUPAC_VIEW" 
INSTEAD OF DELETE ON KUPAC_VIEW
FOR EACH ROW
BEGIN
DELETE FROM KUPAC
WHERE SIFRAKUPCA=:OLD.SIFRAKUPCA;
DELETE FROM KUPAC_DETALJI
WHERE SIFRAKUPCA=:OLD.SIFRAKUPCA;
END;
/
ALTER TRIGGER "MARIJA"."DELETE_OF_KUPAC_VIEW" ENABLE;
--------------------------------------------------------
--  DDL for Trigger INSERT_OF_DOBAVLJAC
--------------------------------------------------------

  CREATE OR REPLACE NONEDITIONABLE TRIGGER "MARIJA"."INSERT_OF_DOBAVLJAC" 
BEFORE INSERT ON DOBAVLJAC
FOR EACH ROW
DECLARE V_BROJ_RACUNA VARCHAR2(50);
BEGIN
SELECT BROJRACUNA INTO V_BROJ_RACUNA
FROM TEKUCIRACUN
WHERE TEKUCIRACUNID=:NEW.TEKUCIRACUNID;
:NEW.BROJRACUNA:=V_BROJ_RACUNA;
END;
/
ALTER TRIGGER "MARIJA"."INSERT_OF_DOBAVLJAC" ENABLE;
--------------------------------------------------------
--  DDL for Trigger INSERT_OF_PORUDZBINA
--------------------------------------------------------

  CREATE OR REPLACE NONEDITIONABLE TRIGGER "MARIJA"."INSERT_OF_PORUDZBINA" 
BEFORE INSERT ON PORUDZBINA
FOR EACH ROW
DECLARE V_VALUTAID NUMBER;
BEGIN
SELECT VALUTAID INTO V_VALUTAID
FROM PLACANJE
WHERE PLACANJEID=:NEW.PLACANJEID;
:NEW.VALUTAID:=V_VALUTAID;
END;
/
ALTER TRIGGER "MARIJA"."INSERT_OF_PORUDZBINA" ENABLE;
--------------------------------------------------------
--  DDL for Trigger INSERT_OF_STAVKA_KATALOGA
--------------------------------------------------------

  CREATE OR REPLACE NONEDITIONABLE TRIGGER "MARIJA"."INSERT_OF_STAVKA_KATALOGA" 
BEFORE INSERT
ON STAVKAKATALOGA
FOR EACH ROW
DECLARE V_NAZIVDOB VARCHAR2(50);
BEGIN
SELECT NAZIVDOB INTO V_NAZIVDOB
FROM DOBAVLJAC
WHERE DOBID=:NEW.DOBID;
:NEW.NAZIVDOB:=V_NAZIVDOB;
END;
/
ALTER TRIGGER "MARIJA"."INSERT_OF_STAVKA_KATALOGA" ENABLE;
--------------------------------------------------------
--  DDL for Trigger IZNOS_PDV
--------------------------------------------------------

  CREATE OR REPLACE NONEDITIONABLE TRIGGER "MARIJA"."IZNOS_PDV" 
BEFORE INSERT OR UPDATE OR DELETE ON faktura
FOR EACH ROW
BEGIN
IF (INSERTING OR UPDATING) then
BEGIN
fakt.brojFakture := :NEW.brojFakture;
END;
ELSE
BEGIN
fakt.brojFakture:= :OLD.brojFakture;
END;
END IF;
END;

/
ALTER TRIGGER "MARIJA"."IZNOS_PDV" ENABLE;
--------------------------------------------------------
--  DDL for Trigger IZNOS_PDV2
--------------------------------------------------------

  CREATE OR REPLACE NONEDITIONABLE TRIGGER "MARIJA"."IZNOS_PDV2" 
AFTER INSERT ON faktura
DECLARE
brojFakt NUMBER:=fakt.brojFakture;
BEGIN
IZNOSPDV(brojFakt);
END;
/
ALTER TRIGGER "MARIJA"."IZNOS_PDV2" ENABLE;
--------------------------------------------------------
--  DDL for Trigger KUPAC_TRIGER
--------------------------------------------------------

  CREATE OR REPLACE NONEDITIONABLE TRIGGER "MARIJA"."KUPAC_TRIGER" 
INSTEAD OF INSERT ON KUPAC_VIEW
FOR EACH ROW
BEGIN
INSERT INTO KUPAC (SIFRAKUPCA,NAZIVKUPCA,MESTOID, ULICAID, ADRESAID) 
VALUES (:NEW.SIFRAKUPCA,:NEW.NAZIVKUPCA,:NEW.MESTOID, :NEW.ULICAID,:NEW.ADRESAID);
INSERT INTO KUPAC_DETALJI (SIFRAKUPCA, PIB, TELEFON,FAX) VALUES (:NEW.SIFRAKUPCA, :NEW.PIB, :NEW.TELEFON,:NEW.FAX);
END;
/
ALTER TRIGGER "MARIJA"."KUPAC_TRIGER" ENABLE;
--------------------------------------------------------
--  DDL for Trigger NAZIV_DOB_UPDATE
--------------------------------------------------------

  CREATE OR REPLACE NONEDITIONABLE TRIGGER "MARIJA"."NAZIV_DOB_UPDATE" 
AFTER UPDATE OF NAZIVDOB
ON DOBAVLJAC
FOR EACH ROW
DECLARE
PRAGMA AUTONOMOUS_TRANSACTION;
BEGIN
EXECUTE IMMEDIATE 'ALTER TRIGGER MARIJA.NO_UPDATE_NAZIV_DOB_ON_STAVKA DISABLE';
UPDATE STAVKAKATALOGA
SET NAZIVDOB=:NEW.NAZIVDOB
WHERE DOBID=:NEW.DOBID;
COMMIT;
EXECUTE IMMEDIATE 'ALTER TRIGGER MARIJA.NO_UPDATE_NAZIV_DOB_ON_STAVKA ENABLE';
END;

/
ALTER TRIGGER "MARIJA"."NAZIV_DOB_UPDATE" ENABLE;
--------------------------------------------------------
--  DDL for Trigger NAZIV_MESTA_UPDATE
--------------------------------------------------------

  CREATE OR REPLACE NONEDITIONABLE TRIGGER "MARIJA"."NAZIV_MESTA_UPDATE" 
AFTER UPDATE OF NAZIVMESTA
ON MESTO
FOR EACH ROW
DECLARE
PRAGMA AUTONOMOUS_TRANSACTION;
BEGIN
EXECUTE IMMEDIATE 'ALTER TRIGGER NO_UPDATE_NAZIV_MESTA DISABLE';
UPDATE ULICA
SET NAZIVMESTA=:NEW.NAZIVMESTA
WHERE MESTOID=:NEW.MESTOID;
COMMIT;
EXECUTE IMMEDIATE 'ALTER TRIGGER NO_UPDATE_NAZIV_MESTA ENABLE';
END;
/
ALTER TRIGGER "MARIJA"."NAZIV_MESTA_UPDATE" ENABLE;
--------------------------------------------------------
--  DDL for Trigger NO_UPDATE_NAZIV_DOB_ON_STAVKA
--------------------------------------------------------

  CREATE OR REPLACE NONEDITIONABLE TRIGGER "MARIJA"."NO_UPDATE_NAZIV_DOB_ON_STAVKA" 
BEFORE UPDATE OF NAZIVDOB
ON STAVKAKATALOGA
FOR EACH ROW
BEGIN
RAISE_APPLICATION_ERROR (
NUM => -20000,
MSG => 'ZABARANJENO JE DIREKTNO AZURIRANJE KOLONE NAZIVDOB');
END;
/
ALTER TRIGGER "MARIJA"."NO_UPDATE_NAZIV_DOB_ON_STAVKA" ENABLE;
--------------------------------------------------------
--  DDL for Trigger NO_UPDATE_NAZIV_MESTA
--------------------------------------------------------

  CREATE OR REPLACE NONEDITIONABLE TRIGGER "MARIJA"."NO_UPDATE_NAZIV_MESTA" 
BEFORE UPDATE OF NAZIVMESTA
ON ULICA
FOR EACH ROW
BEGIN
RAISE_APPLICATION_ERROR (-20000, 'Nije dozvoljena direktna izmena kolone NazivMesta u tabeli Ulica');
END;
/
ALTER TRIGGER "MARIJA"."NO_UPDATE_NAZIV_MESTA" ENABLE;
--------------------------------------------------------
--  DDL for Trigger NO_UPDATE_OFDOBID
--------------------------------------------------------

  CREATE OR REPLACE NONEDITIONABLE TRIGGER "MARIJA"."NO_UPDATE_OFDOBID" 
BEFORE UPDATE OF DOBID
ON STAVKAKATALOGA
FOR EACH ROW
BEGIN
RAISE_APPLICATION_ERROR (-20000, 'Nije dozvoljeno direktno azuriranje kolone DOBID');
END;
/
ALTER TRIGGER "MARIJA"."NO_UPDATE_OFDOBID" DISABLE;
--------------------------------------------------------
--  DDL for Trigger NO_UPDATE_OF_BROJ_RACUNA
--------------------------------------------------------

  CREATE OR REPLACE NONEDITIONABLE TRIGGER "MARIJA"."NO_UPDATE_OF_BROJ_RACUNA" 
BEFORE UPDATE OF BROJRACUNA
ON DOBAVLJAC
FOR EACH ROW
BEGIN
RAISE_APPLICATION_ERROR(-20000,'Zabranjeno je direktno azuriranje kolone BROJRACUNA');
END;
/
ALTER TRIGGER "MARIJA"."NO_UPDATE_OF_BROJ_RACUNA" ENABLE;
--------------------------------------------------------
--  DDL for Trigger NO_UPDATE_OF_KATALOGID
--------------------------------------------------------

  CREATE OR REPLACE NONEDITIONABLE TRIGGER "MARIJA"."NO_UPDATE_OF_KATALOGID" 
BEFORE UPDATE OF KATALOGID
ON STAVKAKATALOGA
FOR EACH ROW
BEGIN
RAISE_APPLICATION_ERROR (-20000, 'Nije dozvoljeno direktno azuriranje kolone KATALOGID');
END;
/
ALTER TRIGGER "MARIJA"."NO_UPDATE_OF_KATALOGID" ENABLE;
--------------------------------------------------------
--  DDL for Trigger NO_UPDATE_OF_VALUTA_ID
--------------------------------------------------------

  CREATE OR REPLACE NONEDITIONABLE TRIGGER "MARIJA"."NO_UPDATE_OF_VALUTA_ID" 
BEFORE UPDATE OF VALUTAID
ON PORUDZBINA
FOR EACH ROW
BEGIN
RAISE_APPLICATION_ERROR(-20000,'Nije dozvoljeno direktno azuriranje kolone VALUTAID');
END;



/
ALTER TRIGGER "MARIJA"."NO_UPDATE_OF_VALUTA_ID" ENABLE;
--------------------------------------------------------
--  DDL for Trigger UKUPAN_IZNOS_PORUDZBINE1
--------------------------------------------------------

  CREATE OR REPLACE NONEDITIONABLE TRIGGER "MARIJA"."UKUPAN_IZNOS_PORUDZBINE1" 
BEFORE INSERT OR UPDATE OF KOLICINA OR DELETE ON stavkaporudzbine
FOR EACH ROW
BEGIN
IF (INSERTING OR UPDATING) then
BEGIN
stavkapor.brojPorudzbine := :NEW.brPorudz;
END;
ELSE
BEGIN
stavkapor.brojPorudzbine:= :OLD.brPorudz;
END;
END IF;
END;


/
ALTER TRIGGER "MARIJA"."UKUPAN_IZNOS_PORUDZBINE1" ENABLE;
--------------------------------------------------------
--  DDL for Trigger UKUPAN_IZNOS_PORUDZBINE2
--------------------------------------------------------

  CREATE OR REPLACE NONEDITIONABLE TRIGGER "MARIJA"."UKUPAN_IZNOS_PORUDZBINE2" 
AFTER INSERT OR UPDATE OR DELETE ON
STAVKAPORUDZBINE
DECLARE
brojPor NUMBER := stavkapor.brojPorudzbine;
BEGIN
UKUPAN_IZNOS_PORUDZBINE(brojPor);
END;
/
ALTER TRIGGER "MARIJA"."UKUPAN_IZNOS_PORUDZBINE2" ENABLE;
--------------------------------------------------------
--  DDL for Trigger UNOS_ULICE
--------------------------------------------------------

  CREATE OR REPLACE NONEDITIONABLE TRIGGER "MARIJA"."UNOS_ULICE" 
    BEFORE INSERT 
        ON ULICA
        FOR EACH ROW
    DECLARE 
        V_NAZIVMESTA VARCHAR2(50);
    BEGIN 
        SELECT NAZIVMESTA INTO V_NAZIVMESTA
        FROM MESTO
        WHERE MESTOID=:NEW.MESTOID;
        :NEW.NAZIVMESTA:= V_NAZIVMESTA;
END;
/
ALTER TRIGGER "MARIJA"."UNOS_ULICE" ENABLE;
--------------------------------------------------------
--  DDL for Trigger UPDATE_BROJ_RACUNA_NA_OSNOVU_ID
--------------------------------------------------------

  CREATE OR REPLACE NONEDITIONABLE TRIGGER "MARIJA"."UPDATE_BROJ_RACUNA_NA_OSNOVU_ID" 
BEFORE UPDATE OF TEKUCIRACUNID
ON DOBAVLJAC
FOR EACH ROW
DECLARE
V_BROJ_RACUNA VARCHAR2(50);
BEGIN
SELECT BROJRACUNA INTO V_BROJ_RACUNA
FROM TEKUCIRACUN
WHERE TEKUCIRACUNID=:NEW.TEKUCIRACUNID;
:NEW.BROJRACUNA:=V_BROJ_RACUNA;
END;
/
ALTER TRIGGER "MARIJA"."UPDATE_BROJ_RACUNA_NA_OSNOVU_ID" ENABLE;
--------------------------------------------------------
--  DDL for Trigger UPDATE_NAZIV_MESTA
--------------------------------------------------------

  CREATE OR REPLACE NONEDITIONABLE TRIGGER "MARIJA"."UPDATE_NAZIV_MESTA" 
BEFORE UPDATE OF MESTOID
ON ULICA
FOR EACH ROW
DECLARE V_NAZIVMESTA VARCHAR2(50);
BEGIN
SELECT NAZIVMESTA INTO V_NAZIVMESTA
FROM MESTO
WHERE MESTOID=:NEW.MESTOID;
:NEW.NAZIVMESTA:=V_NAZIVMESTA;
END;
/
ALTER TRIGGER "MARIJA"."UPDATE_NAZIV_MESTA" ENABLE;
--------------------------------------------------------
--  DDL for Trigger UPDATE_OF_KUPAC_VIEW
--------------------------------------------------------

  CREATE OR REPLACE NONEDITIONABLE TRIGGER "MARIJA"."UPDATE_OF_KUPAC_VIEW" 
INSTEAD OF UPDATE ON KUPAC_VIEW
FOR EACH ROW
BEGIN
UPDATE KUPAC
SET 
NAZIVKUPCA=:NEW.NAZIVKUPCA,
MESTOID=:NEW.MESTOID,
ULICAID=:NEW.ULICAID,
ADRESAID=:NEW.ADRESAID
WHERE
SIFRAKUPCA=:NEW.SIFRAKUPCA;
UPDATE KUPAC_DETALJI
SET
PIB=:NEW.PIB,
TELEFON=:NEW.TELEFON,
FAX=:NEW.FAX
WHERE
SIFRAKUPCA=:NEW.SIFRAKUPCA;
END;
/
ALTER TRIGGER "MARIJA"."UPDATE_OF_KUPAC_VIEW" ENABLE;
--------------------------------------------------------
--  DDL for Trigger UPDATE_OF_VALUTAID_NA_OSNOVU_PLACANJEID
--------------------------------------------------------

  CREATE OR REPLACE NONEDITIONABLE TRIGGER "MARIJA"."UPDATE_OF_VALUTAID_NA_OSNOVU_PLACANJEID" 
BEFORE UPDATE OF PLACANJEID
ON PORUDZBINA
FOR EACH ROW
DECLARE V_VALUTA_ID NUMBER;
BEGIN
SELECT VALUTAID INTO V_VALUTA_ID
FROM PLACANJE
WHERE PLACANJEID=:NEW.PLACANJEID;
:NEW.VALUTAID:=V_VALUTA_ID;
END;







/
ALTER TRIGGER "MARIJA"."UPDATE_OF_VALUTAID_NA_OSNOVU_PLACANJEID" ENABLE;
--------------------------------------------------------
--  DDL for Trigger VALUTA_ID_UPDATE
--------------------------------------------------------

  CREATE OR REPLACE NONEDITIONABLE TRIGGER "MARIJA"."VALUTA_ID_UPDATE" 
AFTER UPDATE OF VALUTAID
ON PLACANJE
FOR EACH ROW
DECLARE
PRAGMA AUTONOMOUS_TRANSACTION;
BEGIN
EXECUTE IMMEDIATE 'ALTER TRIGGER MARIJA.NO_UPDATE_OF_VALUTA_ID DISABLE';
UPDATE PORUDZBINA
SET VALUTAID=:NEW.VALUTAID
WHERE PLACANJEID=:NEW.PLACANJEID;
COMMIT;
EXECUTE IMMEDIATE 'ALTER TRIGGER MARIJA.NO_UPDATE_OF_VALUTA_ID ENABLE';
END;








/
ALTER TRIGGER "MARIJA"."VALUTA_ID_UPDATE" ENABLE;
--------------------------------------------------------
--  DDL for Procedure AKTUELNACENA
--------------------------------------------------------
set define off;

  CREATE OR REPLACE NONEDITIONABLE PROCEDURE "MARIJA"."AKTUELNACENA" (artid IN NUMBER) AS
aktCena ARTIKAL.AKTUELNACENA%type;
BEGIN
aktCena:=0;
SELECT iznos INTO aktCena FROM cena
WHERE artid=artikalid and datumod=(select max(DATUMOD) from
cena where artikalid=artid and datumod<=sysdate);
UPDATE artikal
SET aktuelnaCena = aktCena
WHERE artikalid=artid;
END;

/
--------------------------------------------------------
--  DDL for Procedure IZNOSPDV
--------------------------------------------------------
set define off;

  CREATE OR REPLACE NONEDITIONABLE PROCEDURE "MARIJA"."IZNOSPDV" (brFakture in number) as
iznos number:=0;
begin
select f.osnovica*(f.stopapdv.proc/100) into iznos
from faktura f
where brojfakture=brFakture;
update faktura f
set f.iznospdv=iznos
where f.brojfakture=brFakture;
update faktura f 
set f.ukupaniznos=f.osnovica+iznos
where f.brojfakture=brFakture;
end;

/
--------------------------------------------------------
--  DDL for Procedure UKUPAN_IZNOS_PORUDZBINE
--------------------------------------------------------
set define off;

  CREATE OR REPLACE NONEDITIONABLE PROCEDURE "MARIJA"."UKUPAN_IZNOS_PORUDZBINE" (brojPorudzbine IN NUMBER) AS
suma NUMBER:=0;
BEGIN
SELECT SUM(a.aktuelnacena*sp.kolicina) INTO suma
FROM artikal a join stavkaporudzbine sp on
(a.artikalid=sp.artikalid)
WHERE brPorudz=brojPorudzbine;
UPDATE Porudzbina
SET UkupanIznos=suma
WHERE brPorudz=brojPorudzbine;
END;

/
--------------------------------------------------------
--  DDL for Procedure iznos_pdv
--------------------------------------------------------
set define off;

  CREATE OR REPLACE NONEDITIONABLE PROCEDURE "MARIJA"."iznos_pdv" (brFakture in number) as
iznos number:=0;
begin
select f.osnovica*(f.stopapdv.proc/100) into iznos
from faktura f
where brojfakture=brFakture;
end;

/
--------------------------------------------------------
--  DDL for Procedure iznospdv
--------------------------------------------------------
set define off;

  CREATE OR REPLACE NONEDITIONABLE PROCEDURE "MARIJA"."iznospdv" (brFakture in number) as
iznos number:=0;
begin
select f.osnovica*(f.stopapdv.proc/100) into iznos
from faktura f
where f.brojfakture=brFakture;
end;

/
--------------------------------------------------------
--  DDL for Package CENAART
--------------------------------------------------------

  CREATE OR REPLACE NONEDITIONABLE PACKAGE "MARIJA"."CENAART" as
artikalid number;
end cenaArt;

/
--------------------------------------------------------
--  DDL for Package FAKT
--------------------------------------------------------

  CREATE OR REPLACE NONEDITIONABLE PACKAGE "MARIJA"."FAKT" as
brojFakture number(20);
end fakt;

/
--------------------------------------------------------
--  DDL for Package STAVKAF
--------------------------------------------------------

  CREATE OR REPLACE NONEDITIONABLE PACKAGE "MARIJA"."STAVKAF" AS
brFakture NUMBER;
END stavkaf;

/
--------------------------------------------------------
--  DDL for Package STAVKAPOR
--------------------------------------------------------

  CREATE OR REPLACE NONEDITIONABLE PACKAGE "MARIJA"."STAVKAPOR" as
brojPorudzbine number;
end stavkapor;

/
--------------------------------------------------------
--  Constraints for Table NACINISPORUKE
--------------------------------------------------------

  ALTER TABLE "MARIJA"."NACINISPORUKE" MODIFY ("NACINISPORUKEID" NOT NULL ENABLE);
  ALTER TABLE "MARIJA"."NACINISPORUKE" MODIFY ("NAZIVNACINAISP" NOT NULL ENABLE);
  ALTER TABLE "MARIJA"."NACINISPORUKE" ADD CONSTRAINT "NACINISPORUKE_PK" PRIMARY KEY ("NACINISPORUKEID")
  USING INDEX PCTFREE 10 INITRANS 2 MAXTRANS 255 COMPUTE STATISTICS 
  STORAGE(INITIAL 65536 NEXT 1048576 MINEXTENTS 1 MAXEXTENTS 2147483645
  PCTINCREASE 0 FREELISTS 1 FREELIST GROUPS 1
  BUFFER_POOL DEFAULT FLASH_CACHE DEFAULT CELL_FLASH_CACHE DEFAULT)
  TABLESPACE "USERS"  ENABLE;
--------------------------------------------------------
--  Constraints for Table KUPAC_DETALJI
--------------------------------------------------------

  ALTER TABLE "MARIJA"."KUPAC_DETALJI" MODIFY ("SIFRAKUPCA" NOT NULL ENABLE);
  ALTER TABLE "MARIJA"."KUPAC_DETALJI" MODIFY ("TELEFON" NOT NULL ENABLE);
  ALTER TABLE "MARIJA"."KUPAC_DETALJI" MODIFY ("FAX" NOT NULL ENABLE);
  ALTER TABLE "MARIJA"."KUPAC_DETALJI" ADD CONSTRAINT "KUPAC_DETALJI_PK" PRIMARY KEY ("SIFRAKUPCA")
  USING INDEX PCTFREE 10 INITRANS 2 MAXTRANS 255 COMPUTE STATISTICS 
  STORAGE(INITIAL 65536 NEXT 1048576 MINEXTENTS 1 MAXEXTENTS 2147483645
  PCTINCREASE 0 FREELISTS 1 FREELIST GROUPS 1
  BUFFER_POOL DEFAULT FLASH_CACHE DEFAULT CELL_FLASH_CACHE DEFAULT)
  TABLESPACE "USERS"  ENABLE;
  ALTER TABLE "MARIJA"."KUPAC_DETALJI" ADD CONSTRAINT "FAX_CHK" CHECK (length(fax) IN (9,10) AND regexp_like(fax, '^[[:digit:]]{9}$')) ENABLE;
  ALTER TABLE "MARIJA"."KUPAC_DETALJI" ADD CONSTRAINT "PIB_CHK" CHECK (length(PIB)=9 AND regexp_like(PIB, '^[[:digit:]]{9}$')) ENABLE;
  ALTER TABLE "MARIJA"."KUPAC_DETALJI" ADD CONSTRAINT "TELEFON_CHK" CHECK (length(telefon) IN (9,10) AND regexp_like(telefon, '^[[:digit:]]{9}$')) ENABLE;
--------------------------------------------------------
--  Constraints for Table STAVKAPROFAKTURE
--------------------------------------------------------

  ALTER TABLE "MARIJA"."STAVKAPROFAKTURE" MODIFY ("BROJPROFAKTURE" NOT NULL ENABLE);
  ALTER TABLE "MARIJA"."STAVKAPROFAKTURE" MODIFY ("RBSTAVKE" NOT NULL ENABLE);
  ALTER TABLE "MARIJA"."STAVKAPROFAKTURE" MODIFY ("KOLICINA" NOT NULL ENABLE);
  ALTER TABLE "MARIJA"."STAVKAPROFAKTURE" MODIFY ("ARTIKALID" NOT NULL ENABLE);
  ALTER TABLE "MARIJA"."STAVKAPROFAKTURE" MODIFY ("JMID" NOT NULL ENABLE);
  ALTER TABLE "MARIJA"."STAVKAPROFAKTURE" ADD CONSTRAINT "STAVKAPROFAKTURE_PK" PRIMARY KEY ("BROJPROFAKTURE", "RBSTAVKE")
  USING INDEX PCTFREE 10 INITRANS 2 MAXTRANS 255 COMPUTE STATISTICS 
  TABLESPACE "USERS"  ENABLE;
--------------------------------------------------------
--  Constraints for Table PROFAKTURA
--------------------------------------------------------

  ALTER TABLE "MARIJA"."PROFAKTURA" MODIFY ("STOPAPDV" NOT NULL ENABLE);
  ALTER TABLE "MARIJA"."PROFAKTURA" MODIFY ("BROJPROFAKTURE" NOT NULL ENABLE);
  ALTER TABLE "MARIJA"."PROFAKTURA" MODIFY ("OSNOVICA" NOT NULL ENABLE);
  ALTER TABLE "MARIJA"."PROFAKTURA" MODIFY ("IZNOSPDV" NOT NULL ENABLE);
  ALTER TABLE "MARIJA"."PROFAKTURA" MODIFY ("UKUPANIZNOS" NOT NULL ENABLE);
  ALTER TABLE "MARIJA"."PROFAKTURA" MODIFY ("DATUMID" NOT NULL ENABLE);
  ALTER TABLE "MARIJA"."PROFAKTURA" MODIFY ("BRPORUDZ" NOT NULL ENABLE);
  ALTER TABLE "MARIJA"."PROFAKTURA" MODIFY ("DOBID" NOT NULL ENABLE);
  ALTER TABLE "MARIJA"."PROFAKTURA" MODIFY ("SIFRAKUPCA" NOT NULL ENABLE);
  ALTER TABLE "MARIJA"."PROFAKTURA" ADD CONSTRAINT "PROFAKTURA_PK" PRIMARY KEY ("BROJPROFAKTURE")
  USING INDEX PCTFREE 10 INITRANS 2 MAXTRANS 255 COMPUTE STATISTICS 
  STORAGE(INITIAL 65536 NEXT 1048576 MINEXTENTS 1 MAXEXTENTS 2147483645
  PCTINCREASE 0 FREELISTS 1 FREELIST GROUPS 1
  BUFFER_POOL DEFAULT FLASH_CACHE DEFAULT CELL_FLASH_CACHE DEFAULT)
  TABLESPACE "USERS"  ENABLE;
  ALTER TABLE "MARIJA"."PROFAKTURA" ADD CONSTRAINT "UKUPAN_IZNOS_CHK" CHECK (UKUPANIZNOS=OSNOVICA+IZNOSPDV) ENABLE;
  ALTER TABLE "MARIJA"."PROFAKTURA" ADD CONSTRAINT "IZNOSPDV_CHK" CHECK (IZNOSPDV=OSNOVICA*((CAST(STOPAPDV.PROC AS NUMBER))/100)) ENABLE;
--------------------------------------------------------
--  Constraints for Table STAVKAKATALOGA
--------------------------------------------------------

  ALTER TABLE "MARIJA"."STAVKAKATALOGA" MODIFY ("DOBID" NOT NULL ENABLE);
  ALTER TABLE "MARIJA"."STAVKAKATALOGA" MODIFY ("KATALOGID" NOT NULL ENABLE);
  ALTER TABLE "MARIJA"."STAVKAKATALOGA" MODIFY ("STAVKAID" NOT NULL ENABLE);
  ALTER TABLE "MARIJA"."STAVKAKATALOGA" MODIFY ("RBSTAVKE" NOT NULL ENABLE);
  ALTER TABLE "MARIJA"."STAVKAKATALOGA" MODIFY ("ARTIKALID" NOT NULL ENABLE);
  ALTER TABLE "MARIJA"."STAVKAKATALOGA" MODIFY ("JMID" NOT NULL ENABLE);
  ALTER TABLE "MARIJA"."STAVKAKATALOGA" ADD CONSTRAINT "STAVKAKATALOGA_PK" PRIMARY KEY ("DOBID", "KATALOGID", "STAVKAID")
  USING INDEX PCTFREE 10 INITRANS 2 MAXTRANS 255 COMPUTE STATISTICS 
  STORAGE(INITIAL 65536 NEXT 1048576 MINEXTENTS 1 MAXEXTENTS 2147483645
  PCTINCREASE 0 FREELISTS 1 FREELIST GROUPS 1
  BUFFER_POOL DEFAULT FLASH_CACHE DEFAULT CELL_FLASH_CACHE DEFAULT)
  TABLESPACE "USERS"  ENABLE;
--------------------------------------------------------
--  Constraints for Table STAVKAOTPREMNICE
--------------------------------------------------------

  ALTER TABLE "MARIJA"."STAVKAOTPREMNICE" MODIFY ("BROJOTPREMNICE" NOT NULL ENABLE);
  ALTER TABLE "MARIJA"."STAVKAOTPREMNICE" MODIFY ("RBSTAVKE" NOT NULL ENABLE);
  ALTER TABLE "MARIJA"."STAVKAOTPREMNICE" MODIFY ("OTPKOLICINA" NOT NULL ENABLE);
  ALTER TABLE "MARIJA"."STAVKAOTPREMNICE" MODIFY ("ARTIKALID" NOT NULL ENABLE);
  ALTER TABLE "MARIJA"."STAVKAOTPREMNICE" MODIFY ("JMID" NOT NULL ENABLE);
  ALTER TABLE "MARIJA"."STAVKAOTPREMNICE" ADD CONSTRAINT "STAVKAOTPREMNICE_PK" PRIMARY KEY ("BROJOTPREMNICE", "RBSTAVKE")
  USING INDEX PCTFREE 10 INITRANS 2 MAXTRANS 255 COMPUTE STATISTICS 
  TABLESPACE "USERS"  ENABLE;
--------------------------------------------------------
--  Constraints for Table CENA
--------------------------------------------------------

  ALTER TABLE "MARIJA"."CENA" MODIFY ("ARTIKALID" NOT NULL ENABLE);
  ALTER TABLE "MARIJA"."CENA" MODIFY ("DATUMOD" NOT NULL ENABLE);
  ALTER TABLE "MARIJA"."CENA" MODIFY ("IZNOS" NOT NULL ENABLE);
  ALTER TABLE "MARIJA"."CENA" MODIFY ("VALUTAID" NOT NULL ENABLE);
  ALTER TABLE "MARIJA"."CENA" ADD CONSTRAINT "CENA_PK" PRIMARY KEY ("ARTIKALID", "DATUMOD")
  USING INDEX PCTFREE 10 INITRANS 2 MAXTRANS 255 COMPUTE STATISTICS 
  STORAGE(INITIAL 65536 NEXT 1048576 MINEXTENTS 1 MAXEXTENTS 2147483645
  PCTINCREASE 0 FREELISTS 1 FREELIST GROUPS 1
  BUFFER_POOL DEFAULT FLASH_CACHE DEFAULT CELL_FLASH_CACHE DEFAULT)
  TABLESPACE "USERS"  ENABLE;
--------------------------------------------------------
--  Constraints for Table ADRESA
--------------------------------------------------------

  ALTER TABLE "MARIJA"."ADRESA" MODIFY ("MESTOID" NOT NULL ENABLE);
  ALTER TABLE "MARIJA"."ADRESA" MODIFY ("ULICAID" NOT NULL ENABLE);
  ALTER TABLE "MARIJA"."ADRESA" MODIFY ("ADRESAID" NOT NULL ENABLE);
  ALTER TABLE "MARIJA"."ADRESA" ADD CONSTRAINT "ADRESA_PK" PRIMARY KEY ("MESTOID", "ULICAID", "ADRESAID")
  USING INDEX PCTFREE 10 INITRANS 2 MAXTRANS 255 COMPUTE STATISTICS 
  STORAGE(INITIAL 65536 NEXT 1048576 MINEXTENTS 1 MAXEXTENTS 2147483645
  PCTINCREASE 0 FREELISTS 1 FREELIST GROUPS 1
  BUFFER_POOL DEFAULT FLASH_CACHE DEFAULT CELL_FLASH_CACHE DEFAULT)
  TABLESPACE "USERS"  ENABLE;
--------------------------------------------------------
--  Constraints for Table ARTIKAL
--------------------------------------------------------

  ALTER TABLE "MARIJA"."ARTIKAL" MODIFY ("ARTIKALID" NOT NULL ENABLE);
  ALTER TABLE "MARIJA"."ARTIKAL" MODIFY ("NAZIVARTIKLA" NOT NULL ENABLE);
  ALTER TABLE "MARIJA"."ARTIKAL" MODIFY ("OPISARTIKLA" NOT NULL ENABLE);
  ALTER TABLE "MARIJA"."ARTIKAL" ADD CONSTRAINT "ARTIKAL_PK" PRIMARY KEY ("ARTIKALID")
  USING INDEX PCTFREE 10 INITRANS 2 MAXTRANS 255 COMPUTE STATISTICS 
  STORAGE(INITIAL 65536 NEXT 1048576 MINEXTENTS 1 MAXEXTENTS 2147483645
  PCTINCREASE 0 FREELISTS 1 FREELIST GROUPS 1
  BUFFER_POOL DEFAULT FLASH_CACHE DEFAULT CELL_FLASH_CACHE DEFAULT)
  TABLESPACE "USERS"  ENABLE;
--------------------------------------------------------
--  Constraints for Table SEKTOR
--------------------------------------------------------

  ALTER TABLE "MARIJA"."SEKTOR" MODIFY ("SIFRASEKTORA" NOT NULL ENABLE);
  ALTER TABLE "MARIJA"."SEKTOR" MODIFY ("NAZIVSEKTORA" NOT NULL ENABLE);
  ALTER TABLE "MARIJA"."SEKTOR" ADD CONSTRAINT "SEKTOR_PK" PRIMARY KEY ("SIFRASEKTORA")
  USING INDEX PCTFREE 10 INITRANS 2 MAXTRANS 255 COMPUTE STATISTICS 
  STORAGE(INITIAL 65536 NEXT 1048576 MINEXTENTS 1 MAXEXTENTS 2147483645
  PCTINCREASE 0 FREELISTS 1 FREELIST GROUPS 1
  BUFFER_POOL DEFAULT FLASH_CACHE DEFAULT CELL_FLASH_CACHE DEFAULT)
  TABLESPACE "USERS"  ENABLE;
--------------------------------------------------------
--  Constraints for Table PLACANJE
--------------------------------------------------------

  ALTER TABLE "MARIJA"."PLACANJE" MODIFY ("PLACANJEID" NOT NULL ENABLE);
  ALTER TABLE "MARIJA"."PLACANJE" MODIFY ("NACINPLACANJA" NOT NULL ENABLE);
  ALTER TABLE "MARIJA"."PLACANJE" MODIFY ("ROKPLACANJA" NOT NULL ENABLE);
  ALTER TABLE "MARIJA"."PLACANJE" ADD CONSTRAINT "PLACANJE_PK" PRIMARY KEY ("PLACANJEID")
  USING INDEX PCTFREE 10 INITRANS 2 MAXTRANS 255 COMPUTE STATISTICS 
  STORAGE(INITIAL 65536 NEXT 1048576 MINEXTENTS 1 MAXEXTENTS 2147483645
  PCTINCREASE 0 FREELISTS 1 FREELIST GROUPS 1
  BUFFER_POOL DEFAULT FLASH_CACHE DEFAULT CELL_FLASH_CACHE DEFAULT)
  TABLESPACE "USERS"  ENABLE;
  ALTER TABLE "MARIJA"."PLACANJE" MODIFY ("VALUTAID" NOT NULL ENABLE);
--------------------------------------------------------
--  Constraints for Table FAKTURA
--------------------------------------------------------

  ALTER TABLE "MARIJA"."FAKTURA" MODIFY ("BROJFAKTURE" NOT NULL ENABLE);
  ALTER TABLE "MARIJA"."FAKTURA" MODIFY ("OSNOVICA" NOT NULL ENABLE);
  ALTER TABLE "MARIJA"."FAKTURA" MODIFY ("STOPAPDV" NOT NULL ENABLE);
  ALTER TABLE "MARIJA"."FAKTURA" ADD CONSTRAINT "IZNOS_PDV_CHK" CHECK (iznospdv=osnovica*(CAST (stopapdv.proc as number)/100)) ENABLE;
  ALTER TABLE "MARIJA"."FAKTURA" MODIFY ("BROJOTPREMNICE" NOT NULL ENABLE);
  ALTER TABLE "MARIJA"."FAKTURA" MODIFY ("MESTOID" NOT NULL ENABLE);
  ALTER TABLE "MARIJA"."FAKTURA" MODIFY ("SIFRAKUPCA" NOT NULL ENABLE);
  ALTER TABLE "MARIJA"."FAKTURA" MODIFY ("DOBID" NOT NULL ENABLE);
  ALTER TABLE "MARIJA"."FAKTURA" MODIFY ("DATUMFAKTURE" NOT NULL ENABLE);
  ALTER TABLE "MARIJA"."FAKTURA" MODIFY ("DATUMPROMETA" NOT NULL ENABLE);
  ALTER TABLE "MARIJA"."FAKTURA" ADD CONSTRAINT "FAKTURA_PK" PRIMARY KEY ("BROJFAKTURE")
  USING INDEX PCTFREE 10 INITRANS 2 MAXTRANS 255 COMPUTE STATISTICS 
  STORAGE(INITIAL 65536 NEXT 1048576 MINEXTENTS 1 MAXEXTENTS 2147483645
  PCTINCREASE 0 FREELISTS 1 FREELIST GROUPS 1
  BUFFER_POOL DEFAULT FLASH_CACHE DEFAULT CELL_FLASH_CACHE DEFAULT)
  TABLESPACE "USERS"  ENABLE;
  ALTER TABLE "MARIJA"."FAKTURA" ADD CONSTRAINT "STOPA_PDV_CHK" CHECK (STOPAPDV.PROC BETWEEN 0 AND 100) ENABLE;
--------------------------------------------------------
--  Constraints for Table MESTO
--------------------------------------------------------

  ALTER TABLE "MARIJA"."MESTO" MODIFY ("MESTOID" NOT NULL ENABLE);
  ALTER TABLE "MARIJA"."MESTO" ADD CONSTRAINT "MESTO_PK" PRIMARY KEY ("MESTOID")
  USING INDEX PCTFREE 10 INITRANS 2 MAXTRANS 255 COMPUTE STATISTICS 
  STORAGE(INITIAL 65536 NEXT 1048576 MINEXTENTS 1 MAXEXTENTS 2147483645
  PCTINCREASE 0 FREELISTS 1 FREELIST GROUPS 1
  BUFFER_POOL DEFAULT FLASH_CACHE DEFAULT CELL_FLASH_CACHE DEFAULT)
  TABLESPACE "USERS"  ENABLE;
--------------------------------------------------------
--  Constraints for Table VALUTA
--------------------------------------------------------

  ALTER TABLE "MARIJA"."VALUTA" MODIFY ("VALUTAID" NOT NULL ENABLE);
  ALTER TABLE "MARIJA"."VALUTA" MODIFY ("NAZIVVALUTE" NOT NULL ENABLE);
  ALTER TABLE "MARIJA"."VALUTA" MODIFY ("OZNAKAVALUTE" NOT NULL ENABLE);
  ALTER TABLE "MARIJA"."VALUTA" ADD CONSTRAINT "VALUTA_PK" PRIMARY KEY ("VALUTAID")
  USING INDEX PCTFREE 10 INITRANS 2 MAXTRANS 255 COMPUTE STATISTICS 
  STORAGE(INITIAL 65536 NEXT 1048576 MINEXTENTS 1 MAXEXTENTS 2147483645
  PCTINCREASE 0 FREELISTS 1 FREELIST GROUPS 1
  BUFFER_POOL DEFAULT FLASH_CACHE DEFAULT CELL_FLASH_CACHE DEFAULT)
  TABLESPACE "USERS"  ENABLE;
  ALTER TABLE "MARIJA"."VALUTA" ADD CONSTRAINT "OZNAKA_VALUTE_CHK" CHECK (LENGTH (OZNAKAVALUTE)=3) ENABLE;
--------------------------------------------------------
--  Constraints for Table KUPAC
--------------------------------------------------------

  ALTER TABLE "MARIJA"."KUPAC" MODIFY ("SIFRAKUPCA" NOT NULL ENABLE);
  ALTER TABLE "MARIJA"."KUPAC" MODIFY ("NAZIVKUPCA" NOT NULL ENABLE);
  ALTER TABLE "MARIJA"."KUPAC" MODIFY ("MESTOID" NOT NULL ENABLE);
  ALTER TABLE "MARIJA"."KUPAC" MODIFY ("ULICAID" NOT NULL ENABLE);
  ALTER TABLE "MARIJA"."KUPAC" MODIFY ("ADRESAID" NOT NULL ENABLE);
  ALTER TABLE "MARIJA"."KUPAC" ADD CONSTRAINT "KUPAC_PK" PRIMARY KEY ("SIFRAKUPCA")
  USING INDEX PCTFREE 10 INITRANS 2 MAXTRANS 255 COMPUTE STATISTICS 
  STORAGE(INITIAL 65536 NEXT 1048576 MINEXTENTS 1 MAXEXTENTS 2147483645
  PCTINCREASE 0 FREELISTS 1 FREELIST GROUPS 1
  BUFFER_POOL DEFAULT FLASH_CACHE DEFAULT CELL_FLASH_CACHE DEFAULT)
  TABLESPACE "USERS"  ENABLE;
--------------------------------------------------------
--  Constraints for Table STAVKAPORUDZBINE
--------------------------------------------------------

  ALTER TABLE "MARIJA"."STAVKAPORUDZBINE" MODIFY ("BRPORUDZ" NOT NULL ENABLE);
  ALTER TABLE "MARIJA"."STAVKAPORUDZBINE" MODIFY ("RBSTAVKE" NOT NULL ENABLE);
  ALTER TABLE "MARIJA"."STAVKAPORUDZBINE" MODIFY ("KOLICINA" NOT NULL ENABLE);
  ALTER TABLE "MARIJA"."STAVKAPORUDZBINE" MODIFY ("ARTIKALID" NOT NULL ENABLE);
  ALTER TABLE "MARIJA"."STAVKAPORUDZBINE" MODIFY ("JMID" NOT NULL ENABLE);
  ALTER TABLE "MARIJA"."STAVKAPORUDZBINE" ADD CONSTRAINT "STAVKAPORUDZBINE_PK" PRIMARY KEY ("BRPORUDZ", "RBSTAVKE")
  USING INDEX PCTFREE 10 INITRANS 2 MAXTRANS 255 COMPUTE STATISTICS 
  STORAGE(INITIAL 65536 NEXT 1048576 MINEXTENTS 1 MAXEXTENTS 2147483645
  PCTINCREASE 0 FREELISTS 1 FREELIST GROUPS 1
  BUFFER_POOL DEFAULT FLASH_CACHE DEFAULT CELL_FLASH_CACHE DEFAULT)
  TABLESPACE "USERS"  ENABLE;
--------------------------------------------------------
--  Constraints for Table DATUM
--------------------------------------------------------

  ALTER TABLE "MARIJA"."DATUM" MODIFY ("DATUMID" NOT NULL ENABLE);
  ALTER TABLE "MARIJA"."DATUM" MODIFY ("GODINA" NOT NULL ENABLE);
  ALTER TABLE "MARIJA"."DATUM" MODIFY ("MESEC" NOT NULL ENABLE);
  ALTER TABLE "MARIJA"."DATUM" ADD CONSTRAINT "DATUM_PK" PRIMARY KEY ("DATUMID")
  USING INDEX PCTFREE 10 INITRANS 2 MAXTRANS 255 COMPUTE STATISTICS 
  STORAGE(INITIAL 65536 NEXT 1048576 MINEXTENTS 1 MAXEXTENTS 2147483645
  PCTINCREASE 0 FREELISTS 1 FREELIST GROUPS 1
  BUFFER_POOL DEFAULT FLASH_CACHE DEFAULT CELL_FLASH_CACHE DEFAULT)
  TABLESPACE "USERS"  ENABLE;
  ALTER TABLE "MARIJA"."DATUM" ADD CONSTRAINT "DAN_CHK" CHECK (dan between 1 and 31) ENABLE;
  ALTER TABLE "MARIJA"."DATUM" ADD CONSTRAINT "MESEC_CHK" CHECK (mesec between 1 and 12) ENABLE;
  ALTER TABLE "MARIJA"."DATUM" ADD CONSTRAINT "GODINA_CHK" CHECK (godina between 1990 and 2050) ENABLE;
--------------------------------------------------------
--  Constraints for Table STAVKAFAKTURE
--------------------------------------------------------

  ALTER TABLE "MARIJA"."STAVKAFAKTURE" MODIFY ("BROJFAKTURE" NOT NULL ENABLE);
  ALTER TABLE "MARIJA"."STAVKAFAKTURE" MODIFY ("RBSTAVKE" NOT NULL ENABLE);
  ALTER TABLE "MARIJA"."STAVKAFAKTURE" MODIFY ("KOLICINA" NOT NULL ENABLE);
  ALTER TABLE "MARIJA"."STAVKAFAKTURE" MODIFY ("ARTIKALID" NOT NULL ENABLE);
  ALTER TABLE "MARIJA"."STAVKAFAKTURE" MODIFY ("JMID" NOT NULL ENABLE);
  ALTER TABLE "MARIJA"."STAVKAFAKTURE" ADD CONSTRAINT "STAVKAFAKTURE_PK" PRIMARY KEY ("BROJFAKTURE", "RBSTAVKE")
  USING INDEX PCTFREE 10 INITRANS 2 MAXTRANS 255 COMPUTE STATISTICS 
  TABLESPACE "USERS"  ENABLE;
--------------------------------------------------------
--  Constraints for Table ZAPOSLENI
--------------------------------------------------------

  ALTER TABLE "MARIJA"."ZAPOSLENI" MODIFY ("ZAPOSLENIID" NOT NULL ENABLE);
  ALTER TABLE "MARIJA"."ZAPOSLENI" MODIFY ("IMEPREZIMEZAP" NOT NULL ENABLE);
  ALTER TABLE "MARIJA"."ZAPOSLENI" MODIFY ("BROJLK" NOT NULL ENABLE);
  ALTER TABLE "MARIJA"."ZAPOSLENI" MODIFY ("SIFRASEKTORA" NOT NULL ENABLE);
  ALTER TABLE "MARIJA"."ZAPOSLENI" ADD CONSTRAINT "ZAPOSLENI_PK" PRIMARY KEY ("ZAPOSLENIID")
  USING INDEX PCTFREE 10 INITRANS 2 MAXTRANS 255 COMPUTE STATISTICS 
  STORAGE(INITIAL 65536 NEXT 1048576 MINEXTENTS 1 MAXEXTENTS 2147483645
  PCTINCREASE 0 FREELISTS 1 FREELIST GROUPS 1
  BUFFER_POOL DEFAULT FLASH_CACHE DEFAULT CELL_FLASH_CACHE DEFAULT)
  TABLESPACE "USERS"  ENABLE;
  ALTER TABLE "MARIJA"."ZAPOSLENI" ADD CONSTRAINT "BROJ_LK_CHK" CHECK (REGEXP_LIKE(brojlk, '^[[:digit:]]{9}$')) ENABLE;
--------------------------------------------------------
--  Constraints for Table JEDINICAMERE
--------------------------------------------------------

  ALTER TABLE "MARIJA"."JEDINICAMERE" MODIFY ("JMID" NOT NULL ENABLE);
  ALTER TABLE "MARIJA"."JEDINICAMERE" ADD CONSTRAINT "JEDINICAMERE_PK" PRIMARY KEY ("JMID")
  USING INDEX PCTFREE 10 INITRANS 2 MAXTRANS 255 COMPUTE STATISTICS 
  STORAGE(INITIAL 65536 NEXT 1048576 MINEXTENTS 1 MAXEXTENTS 2147483645
  PCTINCREASE 0 FREELISTS 1 FREELIST GROUPS 1
  BUFFER_POOL DEFAULT FLASH_CACHE DEFAULT CELL_FLASH_CACHE DEFAULT)
  TABLESPACE "USERS"  ENABLE;
  ALTER TABLE "MARIJA"."JEDINICAMERE" MODIFY ("NAZIVJM" NOT NULL ENABLE);
--------------------------------------------------------
--  Constraints for Table TEKUCIRACUN
--------------------------------------------------------

  ALTER TABLE "MARIJA"."TEKUCIRACUN" MODIFY ("TEKUCIRACUNID" NOT NULL ENABLE);
  ALTER TABLE "MARIJA"."TEKUCIRACUN" ADD CONSTRAINT "TEKUCIRACUN_PK" PRIMARY KEY ("TEKUCIRACUNID")
  USING INDEX PCTFREE 10 INITRANS 2 MAXTRANS 255 COMPUTE STATISTICS 
  STORAGE(INITIAL 65536 NEXT 1048576 MINEXTENTS 1 MAXEXTENTS 2147483645
  PCTINCREASE 0 FREELISTS 1 FREELIST GROUPS 1
  BUFFER_POOL DEFAULT FLASH_CACHE DEFAULT CELL_FLASH_CACHE DEFAULT)
  TABLESPACE "USERS"  ENABLE;
--------------------------------------------------------
--  Constraints for Table DELATNOST
--------------------------------------------------------

  ALTER TABLE "MARIJA"."DELATNOST" MODIFY ("DELATNOSTID" NOT NULL ENABLE);
  ALTER TABLE "MARIJA"."DELATNOST" MODIFY ("NAZIVDEL" NOT NULL ENABLE);
  ALTER TABLE "MARIJA"."DELATNOST" ADD CONSTRAINT "DELATNOST_PK" PRIMARY KEY ("DELATNOSTID")
  USING INDEX PCTFREE 10 INITRANS 2 MAXTRANS 255 COMPUTE STATISTICS 
  STORAGE(INITIAL 65536 NEXT 1048576 MINEXTENTS 1 MAXEXTENTS 2147483645
  PCTINCREASE 0 FREELISTS 1 FREELIST GROUPS 1
  BUFFER_POOL DEFAULT FLASH_CACHE DEFAULT CELL_FLASH_CACHE DEFAULT)
  TABLESPACE "USERS"  ENABLE;
--------------------------------------------------------
--  Constraints for Table OTPREMNICA
--------------------------------------------------------

  ALTER TABLE "MARIJA"."OTPREMNICA" MODIFY ("BROJOTPREMNICE" NOT NULL ENABLE);
  ALTER TABLE "MARIJA"."OTPREMNICA" MODIFY ("NAPOMENA" NOT NULL ENABLE);
  ALTER TABLE "MARIJA"."OTPREMNICA" MODIFY ("DATUMOTPREMNICE" NOT NULL ENABLE);
  ALTER TABLE "MARIJA"."OTPREMNICA" MODIFY ("ZELJENITERMIN" NOT NULL ENABLE);
  ALTER TABLE "MARIJA"."OTPREMNICA" MODIFY ("DOBID" NOT NULL ENABLE);
  ALTER TABLE "MARIJA"."OTPREMNICA" MODIFY ("BRPORUDZ" NOT NULL ENABLE);
  ALTER TABLE "MARIJA"."OTPREMNICA" MODIFY ("ODOBRIO" NOT NULL ENABLE);
  ALTER TABLE "MARIJA"."OTPREMNICA" MODIFY ("PRIMIO" NOT NULL ENABLE);
  ALTER TABLE "MARIJA"."OTPREMNICA" ADD CONSTRAINT "OTPREMNICA_PK" PRIMARY KEY ("BROJOTPREMNICE")
  USING INDEX PCTFREE 10 INITRANS 2 MAXTRANS 255 COMPUTE STATISTICS 
  STORAGE(INITIAL 65536 NEXT 1048576 MINEXTENTS 1 MAXEXTENTS 2147483645
  PCTINCREASE 0 FREELISTS 1 FREELIST GROUPS 1
  BUFFER_POOL DEFAULT FLASH_CACHE DEFAULT CELL_FLASH_CACHE DEFAULT)
  TABLESPACE "USERS"  ENABLE;
--------------------------------------------------------
--  Constraints for Table PORUDZBINA
--------------------------------------------------------

  ALTER TABLE "MARIJA"."PORUDZBINA" MODIFY ("BRPORUDZ" NOT NULL ENABLE);
  ALTER TABLE "MARIJA"."PORUDZBINA" MODIFY ("NACINPORUDZ" NOT NULL ENABLE);
  ALTER TABLE "MARIJA"."PORUDZBINA" MODIFY ("INFOPORUDZ" NOT NULL ENABLE);
  ALTER TABLE "MARIJA"."PORUDZBINA" MODIFY ("NACINISPORUKEID" NOT NULL ENABLE);
  ALTER TABLE "MARIJA"."PORUDZBINA" MODIFY ("DATUMID" NOT NULL ENABLE);
  ALTER TABLE "MARIJA"."PORUDZBINA" MODIFY ("PLACANJEID" NOT NULL ENABLE);
  ALTER TABLE "MARIJA"."PORUDZBINA" MODIFY ("DOBID" NOT NULL ENABLE);
  ALTER TABLE "MARIJA"."PORUDZBINA" MODIFY ("SIFRAKUPCA" NOT NULL ENABLE);
  ALTER TABLE "MARIJA"."PORUDZBINA" MODIFY ("VALUTAID" NOT NULL ENABLE);
  ALTER TABLE "MARIJA"."PORUDZBINA" ADD CONSTRAINT "PORUDZBINA_PK" PRIMARY KEY ("BRPORUDZ")
  USING INDEX PCTFREE 10 INITRANS 2 MAXTRANS 255 COMPUTE STATISTICS 
  STORAGE(INITIAL 65536 NEXT 1048576 MINEXTENTS 1 MAXEXTENTS 2147483645
  PCTINCREASE 0 FREELISTS 1 FREELIST GROUPS 1
  BUFFER_POOL DEFAULT FLASH_CACHE DEFAULT CELL_FLASH_CACHE DEFAULT)
  TABLESPACE "USERS"  ENABLE;
--------------------------------------------------------
--  Constraints for Table KATALOG
--------------------------------------------------------

  ALTER TABLE "MARIJA"."KATALOG" MODIFY ("DOBID" NOT NULL ENABLE);
  ALTER TABLE "MARIJA"."KATALOG" MODIFY ("KATALOGID" NOT NULL ENABLE);
  ALTER TABLE "MARIJA"."KATALOG" ADD CONSTRAINT "KATALOG_PK" PRIMARY KEY ("DOBID", "KATALOGID")
  USING INDEX PCTFREE 10 INITRANS 2 MAXTRANS 255 COMPUTE STATISTICS 
  STORAGE(INITIAL 65536 NEXT 1048576 MINEXTENTS 1 MAXEXTENTS 2147483645
  PCTINCREASE 0 FREELISTS 1 FREELIST GROUPS 1
  BUFFER_POOL DEFAULT FLASH_CACHE DEFAULT CELL_FLASH_CACHE DEFAULT)
  TABLESPACE "USERS"  ENABLE;
--------------------------------------------------------
--  Constraints for Table ULICA
--------------------------------------------------------

  ALTER TABLE "MARIJA"."ULICA" MODIFY ("MESTOID" NOT NULL ENABLE);
  ALTER TABLE "MARIJA"."ULICA" MODIFY ("ULICAID" NOT NULL ENABLE);
  ALTER TABLE "MARIJA"."ULICA" MODIFY ("NAZIVULICE" NOT NULL ENABLE);
  ALTER TABLE "MARIJA"."ULICA" ADD CONSTRAINT "ULICA_PK" PRIMARY KEY ("ULICAID", "MESTOID")
  USING INDEX PCTFREE 10 INITRANS 2 MAXTRANS 255 COMPUTE STATISTICS 
  STORAGE(INITIAL 65536 NEXT 1048576 MINEXTENTS 1 MAXEXTENTS 2147483645
  PCTINCREASE 0 FREELISTS 1 FREELIST GROUPS 1
  BUFFER_POOL DEFAULT FLASH_CACHE DEFAULT CELL_FLASH_CACHE DEFAULT)
  TABLESPACE "USERS"  ENABLE;
--------------------------------------------------------
--  Constraints for Table VIRMAN
--------------------------------------------------------

  ALTER TABLE "MARIJA"."VIRMAN" MODIFY ("BROJVIRMANA" NOT NULL ENABLE);
  ALTER TABLE "MARIJA"."VIRMAN" MODIFY ("IZNOS" NOT NULL ENABLE);
  ALTER TABLE "MARIJA"."VIRMAN" MODIFY ("SVRHAUPLATE" NOT NULL ENABLE);
  ALTER TABLE "MARIJA"."VIRMAN" MODIFY ("SIFRAPLACANJA" NOT NULL ENABLE);
  ALTER TABLE "MARIJA"."VIRMAN" MODIFY ("DATUMID" NOT NULL ENABLE);
  ALTER TABLE "MARIJA"."VIRMAN" MODIFY ("DOBID" NOT NULL ENABLE);
  ALTER TABLE "MARIJA"."VIRMAN" MODIFY ("SIFRAKUPCA" NOT NULL ENABLE);
  ALTER TABLE "MARIJA"."VIRMAN" MODIFY ("VALUTAID" NOT NULL ENABLE);
  ALTER TABLE "MARIJA"."VIRMAN" MODIFY ("BROJPROFAKTURE" NOT NULL ENABLE);
  ALTER TABLE "MARIJA"."VIRMAN" ADD CONSTRAINT "VIRMAN_PK" PRIMARY KEY ("BROJVIRMANA")
  USING INDEX PCTFREE 10 INITRANS 2 MAXTRANS 255 COMPUTE STATISTICS 
  STORAGE(INITIAL 65536 NEXT 1048576 MINEXTENTS 1 MAXEXTENTS 2147483645
  PCTINCREASE 0 FREELISTS 1 FREELIST GROUPS 1
  BUFFER_POOL DEFAULT FLASH_CACHE DEFAULT CELL_FLASH_CACHE DEFAULT)
  TABLESPACE "USERS"  ENABLE;
  ALTER TABLE "MARIJA"."VIRMAN" ADD CONSTRAINT "SIFRAPLACANJA_CHK" CHECK (length(sifraplacanja)=3 and regexp_like(sifraplacanja,'^[[:digit:]]{9}$')) ENABLE;
--------------------------------------------------------
--  Constraints for Table DOBAVLJAC
--------------------------------------------------------

  ALTER TABLE "MARIJA"."DOBAVLJAC" ADD CONSTRAINT "TELEFON_DOB_CHK" CHECK (length(telefon) IN (9,10) AND regexp_like(telefon, '^[[:digit:]]{9}$')) ENABLE;
  ALTER TABLE "MARIJA"."DOBAVLJAC" ADD CONSTRAINT "PIB_DOB_CHK" CHECK (length(pib) IN (9,10) AND regexp_like(pib, '^[[:digit:]]{9}$')) ENABLE;
  ALTER TABLE "MARIJA"."DOBAVLJAC" MODIFY ("DOBID" NOT NULL ENABLE);
  ALTER TABLE "MARIJA"."DOBAVLJAC" MODIFY ("NAZIVDOB" NOT NULL ENABLE);
  ALTER TABLE "MARIJA"."DOBAVLJAC" MODIFY ("PIB" NOT NULL ENABLE);
  ALTER TABLE "MARIJA"."DOBAVLJAC" MODIFY ("TELEFON" NOT NULL ENABLE);
  ALTER TABLE "MARIJA"."DOBAVLJAC" MODIFY ("FAX" NOT NULL ENABLE);
  ALTER TABLE "MARIJA"."DOBAVLJAC" MODIFY ("MAIL" NOT NULL ENABLE);
  ALTER TABLE "MARIJA"."DOBAVLJAC" MODIFY ("TEKUCIRACUNID" NOT NULL ENABLE);
  ALTER TABLE "MARIJA"."DOBAVLJAC" MODIFY ("DELATNOSTID" NOT NULL ENABLE);
  ALTER TABLE "MARIJA"."DOBAVLJAC" MODIFY ("MESTOID" NOT NULL ENABLE);
  ALTER TABLE "MARIJA"."DOBAVLJAC" MODIFY ("ULICAID" NOT NULL ENABLE);
  ALTER TABLE "MARIJA"."DOBAVLJAC" MODIFY ("ADRESAID" NOT NULL ENABLE);
  ALTER TABLE "MARIJA"."DOBAVLJAC" ADD CONSTRAINT "DOBAVLJAC_PK" PRIMARY KEY ("DOBID")
  USING INDEX PCTFREE 10 INITRANS 2 MAXTRANS 255 COMPUTE STATISTICS 
  STORAGE(INITIAL 65536 NEXT 1048576 MINEXTENTS 1 MAXEXTENTS 2147483645
  PCTINCREASE 0 FREELISTS 1 FREELIST GROUPS 1
  BUFFER_POOL DEFAULT FLASH_CACHE DEFAULT CELL_FLASH_CACHE DEFAULT)
  TABLESPACE "USERS"  ENABLE;
--------------------------------------------------------
--  Ref Constraints for Table ADRESA
--------------------------------------------------------

  ALTER TABLE "MARIJA"."ADRESA" ADD CONSTRAINT "ULICA_FK" FOREIGN KEY ("ULICAID", "MESTOID")
	  REFERENCES "MARIJA"."ULICA" ("ULICAID", "MESTOID") ON DELETE CASCADE ENABLE;
--------------------------------------------------------
--  Ref Constraints for Table CENA
--------------------------------------------------------

  ALTER TABLE "MARIJA"."CENA" ADD CONSTRAINT "ARTIKAL_CENA_FK" FOREIGN KEY ("ARTIKALID")
	  REFERENCES "MARIJA"."ARTIKAL" ("ARTIKALID") ON DELETE CASCADE ENABLE;
  ALTER TABLE "MARIJA"."CENA" ADD CONSTRAINT "VALUTA_FK" FOREIGN KEY ("VALUTAID")
	  REFERENCES "MARIJA"."VALUTA" ("VALUTAID") ENABLE;
--------------------------------------------------------
--  Ref Constraints for Table DOBAVLJAC
--------------------------------------------------------

  ALTER TABLE "MARIJA"."DOBAVLJAC" ADD CONSTRAINT "TEKUCI_RACUN_FK" FOREIGN KEY ("TEKUCIRACUNID")
	  REFERENCES "MARIJA"."TEKUCIRACUN" ("TEKUCIRACUNID") ENABLE;
  ALTER TABLE "MARIJA"."DOBAVLJAC" ADD CONSTRAINT "DELATNOST_FK" FOREIGN KEY ("DELATNOSTID")
	  REFERENCES "MARIJA"."DELATNOST" ("DELATNOSTID") ENABLE;
  ALTER TABLE "MARIJA"."DOBAVLJAC" ADD CONSTRAINT "ADRESA_DOBAVLJACA_FK" FOREIGN KEY ("MESTOID", "ULICAID", "ADRESAID")
	  REFERENCES "MARIJA"."ADRESA" ("MESTOID", "ULICAID", "ADRESAID") ENABLE;
--------------------------------------------------------
--  Ref Constraints for Table FAKTURA
--------------------------------------------------------

  ALTER TABLE "MARIJA"."FAKTURA" ADD CONSTRAINT "DATUM_FAKTURE_FK" FOREIGN KEY ("DATUMFAKTURE")
	  REFERENCES "MARIJA"."DATUM" ("DATUMID") ENABLE;
  ALTER TABLE "MARIJA"."FAKTURA" ADD CONSTRAINT "DATUM_PROMETA_FK" FOREIGN KEY ("DATUMPROMETA")
	  REFERENCES "MARIJA"."DATUM" ("DATUMID") ENABLE;
  ALTER TABLE "MARIJA"."FAKTURA" ADD CONSTRAINT "FAKTURA_DOB_FK" FOREIGN KEY ("DOBID")
	  REFERENCES "MARIJA"."DOBAVLJAC" ("DOBID") ENABLE;
  ALTER TABLE "MARIJA"."FAKTURA" ADD CONSTRAINT "FAKTURA_KUPAC_FK" FOREIGN KEY ("SIFRAKUPCA")
	  REFERENCES "MARIJA"."KUPAC" ("SIFRAKUPCA") ENABLE;
  ALTER TABLE "MARIJA"."FAKTURA" ADD CONSTRAINT "MESTO_FK" FOREIGN KEY ("MESTOID")
	  REFERENCES "MARIJA"."MESTO" ("MESTOID") ENABLE;
  ALTER TABLE "MARIJA"."FAKTURA" ADD CONSTRAINT "OTPREMNICA_FK1" FOREIGN KEY ("BROJOTPREMNICE")
	  REFERENCES "MARIJA"."OTPREMNICA" ("BROJOTPREMNICE") ENABLE;
--------------------------------------------------------
--  Ref Constraints for Table KATALOG
--------------------------------------------------------

  ALTER TABLE "MARIJA"."KATALOG" ADD CONSTRAINT "DOBAVLJAC_KATALOG_FK" FOREIGN KEY ("DOBID")
	  REFERENCES "MARIJA"."DOBAVLJAC" ("DOBID") ON DELETE CASCADE ENABLE;
--------------------------------------------------------
--  Ref Constraints for Table KUPAC
--------------------------------------------------------

  ALTER TABLE "MARIJA"."KUPAC" ADD CONSTRAINT "ADRESA_KUPCA_FK" FOREIGN KEY ("MESTOID", "ULICAID", "ADRESAID")
	  REFERENCES "MARIJA"."ADRESA" ("MESTOID", "ULICAID", "ADRESAID") ENABLE;
--------------------------------------------------------
--  Ref Constraints for Table OTPREMNICA
--------------------------------------------------------

  ALTER TABLE "MARIJA"."OTPREMNICA" ADD CONSTRAINT "DATUM_OTPREMNICE_FK" FOREIGN KEY ("DATUMOTPREMNICE")
	  REFERENCES "MARIJA"."DATUM" ("DATUMID") ENABLE;
  ALTER TABLE "MARIJA"."OTPREMNICA" ADD CONSTRAINT "DOBAVLJAC_OTPR_FK" FOREIGN KEY ("DOBID")
	  REFERENCES "MARIJA"."DOBAVLJAC" ("DOBID") ENABLE;
  ALTER TABLE "MARIJA"."OTPREMNICA" ADD CONSTRAINT "ODOBRIO_FK" FOREIGN KEY ("ODOBRIO")
	  REFERENCES "MARIJA"."ZAPOSLENI" ("ZAPOSLENIID") ENABLE;
  ALTER TABLE "MARIJA"."OTPREMNICA" ADD CONSTRAINT "PORUDZ_OTPR_FK1" FOREIGN KEY ("BRPORUDZ")
	  REFERENCES "MARIJA"."PORUDZBINA" ("BRPORUDZ") ENABLE;
  ALTER TABLE "MARIJA"."OTPREMNICA" ADD CONSTRAINT "PRIMIO_FK" FOREIGN KEY ("PRIMIO")
	  REFERENCES "MARIJA"."ZAPOSLENI" ("ZAPOSLENIID") ENABLE;
  ALTER TABLE "MARIJA"."OTPREMNICA" ADD CONSTRAINT "ZELJENI_TERMIN_FK" FOREIGN KEY ("ZELJENITERMIN")
	  REFERENCES "MARIJA"."DATUM" ("DATUMID") ENABLE;
--------------------------------------------------------
--  Ref Constraints for Table PLACANJE
--------------------------------------------------------

  ALTER TABLE "MARIJA"."PLACANJE" ADD CONSTRAINT "VALUTA_FK1" FOREIGN KEY ("VALUTAID")
	  REFERENCES "MARIJA"."VALUTA" ("VALUTAID") ENABLE;
--------------------------------------------------------
--  Ref Constraints for Table PORUDZBINA
--------------------------------------------------------

  ALTER TABLE "MARIJA"."PORUDZBINA" ADD CONSTRAINT "NACIN_ISPORUKE_FK" FOREIGN KEY ("NACINISPORUKEID")
	  REFERENCES "MARIJA"."NACINISPORUKE" ("NACINISPORUKEID") ENABLE;
  ALTER TABLE "MARIJA"."PORUDZBINA" ADD CONSTRAINT "DATUM_PORUDZBINE_FK" FOREIGN KEY ("DATUMID")
	  REFERENCES "MARIJA"."DATUM" ("DATUMID") ENABLE;
  ALTER TABLE "MARIJA"."PORUDZBINA" ADD CONSTRAINT "PLACANJE_FK" FOREIGN KEY ("PLACANJEID")
	  REFERENCES "MARIJA"."PLACANJE" ("PLACANJEID") ENABLE;
  ALTER TABLE "MARIJA"."PORUDZBINA" ADD CONSTRAINT "PORUDZBINA_DOBAVLJAC_FK" FOREIGN KEY ("DOBID")
	  REFERENCES "MARIJA"."DOBAVLJAC" ("DOBID") ENABLE;
  ALTER TABLE "MARIJA"."PORUDZBINA" ADD CONSTRAINT "PORUDZBINA_KUPAC_FK" FOREIGN KEY ("SIFRAKUPCA")
	  REFERENCES "MARIJA"."KUPAC" ("SIFRAKUPCA") ENABLE;
--------------------------------------------------------
--  Ref Constraints for Table PROFAKTURA
--------------------------------------------------------

  ALTER TABLE "MARIJA"."PROFAKTURA" ADD CONSTRAINT "DATUM_FK" FOREIGN KEY ("DATUMID")
	  REFERENCES "MARIJA"."DATUM" ("DATUMID") ENABLE;
  ALTER TABLE "MARIJA"."PROFAKTURA" ADD CONSTRAINT "DOBAVLJAC_FK" FOREIGN KEY ("DOBID")
	  REFERENCES "MARIJA"."DOBAVLJAC" ("DOBID") ENABLE;
  ALTER TABLE "MARIJA"."PROFAKTURA" ADD CONSTRAINT "KUPAC_FK" FOREIGN KEY ("SIFRAKUPCA")
	  REFERENCES "MARIJA"."KUPAC" ("SIFRAKUPCA") ENABLE;
  ALTER TABLE "MARIJA"."PROFAKTURA" ADD CONSTRAINT "PORUDZBINA_FK" FOREIGN KEY ("BRPORUDZ")
	  REFERENCES "MARIJA"."PORUDZBINA" ("BRPORUDZ") ENABLE;
--------------------------------------------------------
--  Ref Constraints for Table STAVKAFAKTURE
--------------------------------------------------------

  ALTER TABLE "MARIJA"."STAVKAFAKTURE" ADD CONSTRAINT "ARTIKAL_FAKT_FK1" FOREIGN KEY ("ARTIKALID")
	  REFERENCES "MARIJA"."ARTIKAL" ("ARTIKALID") ENABLE;
  ALTER TABLE "MARIJA"."STAVKAFAKTURE" ADD CONSTRAINT "FAKTURA_FK1" FOREIGN KEY ("BROJFAKTURE")
	  REFERENCES "MARIJA"."FAKTURA" ("BROJFAKTURE") ON DELETE CASCADE ENABLE;
  ALTER TABLE "MARIJA"."STAVKAFAKTURE" ADD CONSTRAINT "JM_FAKT_FK1" FOREIGN KEY ("JMID")
	  REFERENCES "MARIJA"."JEDINICAMERE" ("JMID") ENABLE;
--------------------------------------------------------
--  Ref Constraints for Table STAVKAKATALOGA
--------------------------------------------------------

  ALTER TABLE "MARIJA"."STAVKAKATALOGA" ADD CONSTRAINT "STAVKAKATALOGA_ARTIKAL_FK" FOREIGN KEY ("ARTIKALID")
	  REFERENCES "MARIJA"."ARTIKAL" ("ARTIKALID") ENABLE;
  ALTER TABLE "MARIJA"."STAVKAKATALOGA" ADD CONSTRAINT "STAVKAKATALOGA_JM_FK3" FOREIGN KEY ("JMID")
	  REFERENCES "MARIJA"."JEDINICAMERE" ("JMID") ENABLE;
  ALTER TABLE "MARIJA"."STAVKAKATALOGA" ADD CONSTRAINT "KATALOG_FK" FOREIGN KEY ("DOBID", "KATALOGID")
	  REFERENCES "MARIJA"."KATALOG" ("DOBID", "KATALOGID") ON DELETE CASCADE ENABLE;
--------------------------------------------------------
--  Ref Constraints for Table STAVKAOTPREMNICE
--------------------------------------------------------

  ALTER TABLE "MARIJA"."STAVKAOTPREMNICE" ADD CONSTRAINT "OTPREMNICA_FK" FOREIGN KEY ("BROJOTPREMNICE")
	  REFERENCES "MARIJA"."OTPREMNICA" ("BROJOTPREMNICE") ON DELETE CASCADE ENABLE;
  ALTER TABLE "MARIJA"."STAVKAOTPREMNICE" ADD CONSTRAINT "STAVKAOTPREMNICE_ARTIKAL_FK" FOREIGN KEY ("ARTIKALID")
	  REFERENCES "MARIJA"."ARTIKAL" ("ARTIKALID") ENABLE;
  ALTER TABLE "MARIJA"."STAVKAOTPREMNICE" ADD CONSTRAINT "STAVKAOTPREMNICE_JM_FK" FOREIGN KEY ("JMID")
	  REFERENCES "MARIJA"."JEDINICAMERE" ("JMID") ENABLE;
--------------------------------------------------------
--  Ref Constraints for Table STAVKAPORUDZBINE
--------------------------------------------------------

  ALTER TABLE "MARIJA"."STAVKAPORUDZBINE" ADD CONSTRAINT "ARTIKAL_FK1" FOREIGN KEY ("ARTIKALID")
	  REFERENCES "MARIJA"."ARTIKAL" ("ARTIKALID") ENABLE;
  ALTER TABLE "MARIJA"."STAVKAPORUDZBINE" ADD CONSTRAINT "JEDINICA_MERE_STAVKA_FK" FOREIGN KEY ("JMID")
	  REFERENCES "MARIJA"."JEDINICAMERE" ("JMID") ENABLE;
  ALTER TABLE "MARIJA"."STAVKAPORUDZBINE" ADD CONSTRAINT "STAVKAPORUDZBINE_FK1" FOREIGN KEY ("BRPORUDZ")
	  REFERENCES "MARIJA"."PORUDZBINA" ("BRPORUDZ") ON DELETE CASCADE ENABLE;
--------------------------------------------------------
--  Ref Constraints for Table STAVKAPROFAKTURE
--------------------------------------------------------

  ALTER TABLE "MARIJA"."STAVKAPROFAKTURE" ADD CONSTRAINT "ARTIKAL_FK" FOREIGN KEY ("ARTIKALID")
	  REFERENCES "MARIJA"."ARTIKAL" ("ARTIKALID") ENABLE;
  ALTER TABLE "MARIJA"."STAVKAPROFAKTURE" ADD CONSTRAINT "PROFAKTURA_FK" FOREIGN KEY ("BROJPROFAKTURE")
	  REFERENCES "MARIJA"."PROFAKTURA" ("BROJPROFAKTURE") ON DELETE CASCADE ENABLE;
  ALTER TABLE "MARIJA"."STAVKAPROFAKTURE" ADD CONSTRAINT "JEDINICA_MERE_FK" FOREIGN KEY ("JMID")
	  REFERENCES "MARIJA"."JEDINICAMERE" ("JMID") ENABLE;
--------------------------------------------------------
--  Ref Constraints for Table ULICA
--------------------------------------------------------

  ALTER TABLE "MARIJA"."ULICA" ADD CONSTRAINT "MESTO_FK1" FOREIGN KEY ("MESTOID")
	  REFERENCES "MARIJA"."MESTO" ("MESTOID") ON DELETE CASCADE ENABLE;
--------------------------------------------------------
--  Ref Constraints for Table VIRMAN
--------------------------------------------------------

  ALTER TABLE "MARIJA"."VIRMAN" ADD CONSTRAINT "DATUMVIRMANA_FK" FOREIGN KEY ("DATUMID")
	  REFERENCES "MARIJA"."DATUM" ("DATUMID") ENABLE;
  ALTER TABLE "MARIJA"."VIRMAN" ADD CONSTRAINT "DOBAVLJACVIR_FK" FOREIGN KEY ("DOBID")
	  REFERENCES "MARIJA"."DOBAVLJAC" ("DOBID") ENABLE;
  ALTER TABLE "MARIJA"."VIRMAN" ADD CONSTRAINT "KUPACVIR_FK" FOREIGN KEY ("SIFRAKUPCA")
	  REFERENCES "MARIJA"."KUPAC" ("SIFRAKUPCA") ENABLE;
  ALTER TABLE "MARIJA"."VIRMAN" ADD CONSTRAINT "PROFAKTURAVIR_FK" FOREIGN KEY ("BROJPROFAKTURE")
	  REFERENCES "MARIJA"."PROFAKTURA" ("BROJPROFAKTURE") ENABLE;
  ALTER TABLE "MARIJA"."VIRMAN" ADD CONSTRAINT "VALUTAVIR_FK" FOREIGN KEY ("VALUTAID")
	  REFERENCES "MARIJA"."VALUTA" ("VALUTAID") ENABLE;
--------------------------------------------------------
--  Ref Constraints for Table ZAPOSLENI
--------------------------------------------------------

  ALTER TABLE "MARIJA"."ZAPOSLENI" ADD CONSTRAINT "SEKTOR_FK" FOREIGN KEY ("SIFRASEKTORA")
	  REFERENCES "MARIJA"."SEKTOR" ("SIFRASEKTORA") ENABLE;
